point_id,form_function,contrasts_confusions,point_prerequisites,world_prerequisites,anchor_domains,transfer_domains,provenance,status,frontier_lexeme_bundle_id,acquisition_lesson_id,required_lexeme_bundle_ids,required_response_forms,associated_response_forms,associated_discourse_operations
P-ACA-001,"academic connectors: `therefore`, `moreover/in addition`, `however`, `whereas`.",relation carried by connector must match logic,"[""P-CAU-004"",""P-CONTR-001"",""P-EVID-001""]","[""W-EPI-007""]","[""evidence""]","[""formal explanation""]","[""C226"",""C227"",""C228"",""C233""]",ACTIVE,LEX-P-ACA-001,L290,"[""LEX-W-EPI-007"",""LEX-P-CAU-004"",""LEX-P-CONTR-001"",""LEX-P-EVID-001""]","[""RF-EVIDENCE""]",[],[]
P-ACT-001,common action particles such as `put on/take off`.,particle meaning vs literal spatial `on/off`,"[""P-TNS-002""]","[""W-OBJ-001""]","[""clothing/object manipulation""]","[""equipment""]","[""C041""]",ACTIVE,LEX-P-ACT-001,L060,"[""LEX-W-OBJ-001"",""LEX-P-TNS-002""]",[],[],[]
P-AGE-001,age and generational comparison.,age vs calendar date,"[""P-CMP-002"",""P-TIME-001""]","[""W-TIME-004""]","[""people""]","[""historical cohorts""]","[""C073""]",ACTIVE,LEX-P-AGE-001,L084,"[""LEX-W-TIME-004"",""LEX-P-CMP-002"",""LEX-P-TIME-001""]",[],[],[]
P-ALT-001,"alternatives/exceptions: `instead of`, `not X but Y`, later `unless`.",replacement vs contrast vs exception,"[""P-Q-002""]","[""W-EAR-004""]","[""recycling/classification""]","[""rules""]","[""C103"",""C224"",""C234""]",ACTIVE,LEX-P-ALT-001,L118,"[""LEX-W-EAR-004"",""LEX-P-Q-002""]","[""RF-OR-IDENTITY""]",[],[]
P-APPEAR-001,`appears/seems` for appearance vs stronger assertion.,appearance vs reality claim,"[""P-EPI-001""]","[""W-AST-001""]","[""sky""]","[""evidence/inference""]","[""C136""]",ACTIVE,LEX-P-APPEAR-001,L195,"[""LEX-W-AST-001"",""LEX-P-EPI-001""]","[""RF-KNOW-UNKNOWN""]",[],[]
P-APPROX-001,approximate/range language.,exact vs approximate,"[""P-MEAS-001""]","[""W-MATH-009""]","[""measurement""]","[""data/science""]","[""C235""]",ACTIVE,LEX-P-APPROX-001,L222,"[""LEX-W-MATH-009"",""LEX-P-MEAS-001""]",[],[],[]
P-ASP-001,present progressive `be + -ing`.,now/ongoing vs routine,"[""P-ID-001""]","[""W-EVT-001""]","[""visible action""]","[""processes""]","[""C030""]",ACTIVE,LEX-P-ASP-001,L015,"[""LEX-W-EVT-001"",""LEX-P-ID-001""]","[""RF-AFFIRM-IDENTITY"",""RF-NEGATE-IDENTITY""]",[],[]
P-AUTO-001,`can be used to...` for capability/application.,possibility vs intended purpose,"[""P-FUNC-001"",""P-PASS-001""]","[""W-COMP-010""]","[""automation""]","[""tools/models""]","[""C178""]",ACTIVE,LEX-P-AUTO-001,L170,"[""LEX-W-COMP-010"",""LEX-P-FUNC-001"",""LEX-P-PASS-001""]",[],[],[]
P-BELIEF-001,viewpoint attribution `some people believe...; others...`.,attribution vs endorsement,"[""P-EPI-001"",""P-QNT-004""]","[""W-CUL-003""]","[""culture""]","[""debate/history""]","[""C190""]",ACTIVE,LEX-P-BELIEF-001,L215,"[""LEX-W-CUL-003"",""LEX-P-EPI-001"",""LEX-P-QNT-004""]","[""RF-KNOW-UNKNOWN""]",[],[]
P-CAU-001,Reason exchange: `Why? — because ...`,reason/explanation vs result `so`,"[""P-Q-001""]","[""W-SOC-007""]","[""fairness/intention""]","[""physical cause"",""evidence/history""]","[""C050"",""SYN""]",ACTIVE,LEX-P-CAU-001,L191,"[""LEX-W-SOC-007"",""LEX-P-Q-001""]","[""RF-WHO-IDENTITY""]","[""RF-REASON""]","[""DO-EXPLAIN-REASON""]"
P-CAU-002,causative `make + object + verb`.,cause vs permit/help,"[""P-TNS-002""]","[""W-PHY-001""]","[""push/motion""]","[""machines/psychological effects""]","[""C083""]",ACTIVE,LEX-P-CAU-002,L100,"[""LEX-W-PHY-001"",""LEX-P-TNS-002""]",[],[],[]
P-CAU-003,result/consequence with `so`; later `leads to/results in`.,because gives reason; so gives result,"[""P-CAU-001""]","[""W-ECO-002""]","[""ordinary causation""]","[""systems""]","[""C051"",""C159"",""C232""]",ACTIVE,LEX-P-CAU-003,L192,"[""LEX-W-ECO-002"",""LEX-P-CAU-001""]","[""RF-REASON""]",[],"[""DO-EXPLAIN-REASON""]"
P-CAU-004,"explicit causal verbs `cause`, `make`, `lead to`, `result in`; noun cause with `because of/due to`.",mechanism vs correlation,"[""P-CAU-001"",""P-CAU-002"",""P-CAU-003""]","[""W-PHY-007""]","[""sound""]","[""ecology/systems/academic prose""]","[""C090"",""C231"",""C232""]",ACTIVE,LEX-P-CAU-004,L194,"[""LEX-W-PHY-007"",""LEX-P-CAU-001"",""LEX-P-CAU-002"",""LEX-P-CAU-003""]","[""RF-REASON""]",[],"[""DO-EXPLAIN-REASON""]"
P-CERTAINTY-001,certainty scale `certainly/probably/possibly`; general hedging.,probability/frequency/certainty are distinct,"[""P-MOD-004""]","[""W-EPI-008""]","[""predictions""]","[""evidence""]","[""C236"",""C237""]",ACTIVE,LEX-P-CERTAINTY-001,L291,"[""LEX-W-EPI-008"",""LEX-P-MOD-004""]",[],"[""RF-UNCERTAINTY""]",[]
P-CF-001,"counterfactual `if...were..., would...`.",real vs counterfactual condition,"[""P-COND-001"",""P-COND-002"",""P-TNS-003""]","[""W-ENG-002""]","[""engineering hypotheticals""]","[""reasoning""]","[""C223""]",ACTIVE,LEX-P-CF-001,L289,"[""LEX-W-ENG-002"",""LEX-P-COND-001"",""LEX-P-COND-002"",""LEX-P-TNS-003""]",[],[],[]
P-CHANGE-001,`become/turn into/begin as`; `changes over time`.,state change vs movement,"[""P-TNS-002""]","[""W-MAT-004""]","[""matter/life cycles""]","[""history""]","[""C081"",""C116"",""C138""]",ACTIVE,LEX-P-CHANGE-001,L098,"[""LEX-W-MAT-004"",""LEX-P-TNS-002""]",[],[],[]
P-CHANGE-002,"continuity/change: `still`, `no longer`, present perfect `has changed`.",state persistence vs completed past,"[""P-TNS-003""]","[""W-HIS-002""]","[""history/technology""]","[""projects""]","[""C162"",""C163"",""C212""]",ACTIVE,LEX-P-CHANGE-002,L155,"[""LEX-W-HIS-002"",""LEX-P-TNS-003""]",[],[],[]
P-CHOICE-001,"correlative choices `either...or`, `neither...nor`.",one/both/neither interpretation,"[""P-Q-002""]","[""W-CIV-003""]","[""group choice""]","[""formal logic""]","[""C150"",""C214"",""C215""]",ACTIVE,LEX-P-CHOICE-001,L198,"[""LEX-W-CIV-003"",""LEX-P-Q-002""]","[""RF-OR-IDENTITY""]",[],[]
P-CLASS-001,"category frames `can be`, `is a kind of`, `belongs to`, `one of`.",class membership vs part-whole,"[""P-ID-001""]","[""W-MAT-003""]","[""matter""]","[""organisms/social groups""]","[""C080"",""C132"",""C144"",""C198""]",ACTIVE,LEX-P-CLASS-001,L096,"[""LEX-W-MAT-003"",""LEX-P-ID-001""]","[""RF-AFFIRM-IDENTITY"",""RF-NEGATE-IDENTITY""]",[],"[""DO-CLASSIFY""]"
P-CMP-001,`more than/less than/equal to/as many as`.,quantity vs adjective comparison,"[""P-QNT-001""]","[""W-MATH-002""]","[""collections""]","[""measurement/data""]","[""C055""]",ACTIVE,LEX-P-CMP-001,L046,"[""LEX-W-MATH-002"",""LEX-P-QNT-001""]",[],[],"[""DO-COMPARE""]"
P-CMP-002,"comparative/superlative family: `-er`, `than`, `as...as`, `-est`; comparative adverbs.",equality vs inequality; adjective vs adverb,"[""P-CMP-001"",""P-DESC-001""]","[""W-MATH-009""]","[""size""]","[""measurement/speed/sound""]","[""C062"",""C063"",""C064"",""C065"",""C085"",""C187""]",ACTIVE,LEX-P-CMP-002,L073,"[""LEX-W-MATH-009"",""LEX-P-CMP-001"",""LEX-P-DESC-001""]",[],[],"[""DO-COMPARE""]"
P-COM-001,"Transfer roles: `send X to Y`, `receive X from Y`.",theme vs source vs recipient,"[""P-ID-001""]","[""W-COM-001""]","[""messages""]","[""files/goods/resources""]","[""C165""]",ACTIVE,LEX-P-COM-001,L030,"[""LEX-W-COM-001"",""LEX-P-ID-001""]","[""RF-AFFIRM-IDENTITY"",""RF-NEGATE-IDENTITY""]",[],[]
P-COM-002,Source-report frames with `say/tell`.,say content vs tell recipient,"[""P-COM-001"",""P-ID-001""]","[""W-EPI-003""]","[""conversations""]","[""stories/provenance""]","[""C183""]",ACTIVE,LEX-P-COM-002,L209,"[""LEX-W-EPI-003"",""LEX-P-COM-001"",""LEX-P-ID-001""]","[""RF-AFFIRM-IDENTITY"",""RF-NEGATE-IDENTITY""]",[],"[""DO-ATTRIBUTE-SOURCE""]"
P-COMP-001,"computation/system frames: `takes X and produces Y`, `stored in/on`, `connected to/through`.",transformation vs transfer vs containment,"[""P-COM-001"",""P-SPAT-001""]","[""W-COMP-003""]","[""input/output""]","[""storage/networks""]","[""C168"",""C169"",""C170""]",ACTIVE,LEX-P-COMP-001,L162,"[""LEX-W-COMP-003"",""LEX-P-COM-001"",""LEX-P-SPAT-001""]",[],[],[]
P-COND-001,general/real `when` and `if...then`.,regular relation vs contingent condition,"[""P-CAU-001"",""P-TNS-002""]","[""W-PHY-008""]","[""heating""]","[""circuits/engineering""]","[""C082"",""C091"",""C095""]",ACTIVE,LEX-P-COND-001,L193,"[""LEX-W-PHY-008"",""LEX-P-CAU-001"",""LEX-P-TNS-002""]","[""RF-REASON""]",[],[]
P-COND-002,"branching `if...else/otherwise`; troubleshooting `if X doesn't..., try...`.",condition vs temporal sequence,"[""P-COND-001"",""P-NEG-001""]","[""W-COMP-007""]","[""algorithm""]","[""debugging""]","[""C172"",""C177""]",ACTIVE,LEX-P-COND-002,L204,"[""LEX-W-COMP-007"",""LEX-P-COND-001"",""LEX-P-NEG-001""]",[],[],[]
P-CONTR-001,`while/whereas/although/even though/however` as graded contrast relations.,coordination vs concession,"[""P-DISC-001""]","[""W-BIO-011""]","[""biology""]","[""explanations/academic prose""]","[""C119"",""C135"",""C225"",""C226"",""C233""]",ACTIVE,LEX-P-CONTR-001,L245,"[""LEX-W-BIO-011"",""LEX-P-DISC-001""]","[""RF-AGREE-DISAGREE""]",[],[]
P-CORREL-001,"correlated change: `as X increases..., Y...`; `the more..., the more...`.",correlation must not automatically be taught as cause,"[""P-CMP-002"",""P-CAU-001""]","[""W-AST-002""]","[""shadow/data""]","[""systems""]","[""C137"",""C175"",""C229"",""C230""]",ACTIVE,LEX-P-CORREL-001,L258,"[""LEX-W-AST-002"",""LEX-P-CMP-002"",""LEX-P-CAU-001""]","[""RF-REASON""]",[],[]
P-DATA-001,"`shows that`, `compared with`.",display vs proof,"[""P-CMP-001"",""P-EPI-003""]","[""W-DATA-001""]","[""charts""]","[""evidence""]","[""C174""]",ACTIVE,LEX-P-DATA-001,L275,"[""LEX-W-DATA-001"",""LEX-P-CMP-001"",""LEX-P-EPI-003""]",[],[],[]
P-DECOMP-001,`break down into`.,decomposition vs state change,"[""P-CHANGE-001"",""P-PART-001""]","[""W-BIO-014""]","[""decomposition""]","[""materials/data structures""]","[""C122""]",ACTIVE,LEX-P-DECOMP-001,L249,"[""LEX-W-BIO-014"",""LEX-P-CHANGE-001"",""LEX-P-PART-001""]",[],[],[]
P-DEF-001,definitions: `A X is a Y that...`; `means/refers to`.,definition vs example,"[""P-CLASS-001""]","[""W-BIO-004""]","[""animals""]","[""reference/technical terms""]","[""C108"",""C197""]",ACTIVE,LEX-P-DEF-001,L236,"[""LEX-W-BIO-004"",""LEX-P-CLASS-001""]",[],[],"[""DO-CLASSIFY""]"
P-DEP-001,"`depend on`, `interacts with`, `affects`.",dependency vs simple causation,"[""P-CAU-001""]","[""W-BIO-012""]","[""ecosystems""]","[""Earth/systems""]","[""C120"",""C141""]",ACTIVE,LEX-P-DEP-001,L247,"[""LEX-W-BIO-012"",""LEX-P-CAU-001""]","[""RF-REASON""]",[],[]
P-DESC-001,adjective+noun and `be + adjective`.,property vs identity,"[""P-ID-001"",""P-DET-002""]","[""W-OBJ-003""]","[""visible properties""]","[""materials/states""]","[""C010""]",ACTIVE,LEX-P-DESC-001,L013,"[""LEX-W-OBJ-003"",""LEX-P-ID-001"",""LEX-P-DET-002""]","[""RF-AFFIRM-IDENTITY"",""RF-NEGATE-IDENTITY""]",[],[]
P-DET-001,Indefinite `a/an`.,new/nonidentified vs identifiable referent,"[""P-ID-001""]","[""W-ONT-001""]","[""mind/person/device""]","[""occupations/categories""]","[""C003""]",ACTIVE,LEX-P-DET-001,L002,"[""LEX-W-ONT-001"",""LEX-P-ID-001""]","[""RF-AFFIRM-IDENTITY"",""RF-NEGATE-IDENTITY""]",[],[]
P-DET-002,Definite `the` for identifiable referent.,`a` vs `the`,"[""P-DET-001""]","[""W-OBJ-001""]","[""Errol's phone""]","[""rooms/maps/systems""]","[""C004""]",ACTIVE,LEX-P-DET-002,L004,"[""LEX-W-OBJ-001"",""LEX-P-DET-001""]",[],[],[]
P-DET-003,`this/that/these/those`.,distance + number,"[""P-DET-001"",""P-DET-002""]","[""W-OBJ-001""]","[""icons/devices""]","[""objects/maps/data""]","[""C006""]",ACTIVE,LEX-P-DET-003,L007,"[""LEX-W-OBJ-001"",""LEX-P-DET-001"",""LEX-P-DET-002""]",[],[],[]
P-DISC-001,Agreement/disagreement and simple contrast with `but`.,disagreement ≠ negation,"[""P-ID-001""]","[""W-SOC-004""]","[""plans/preferences""]","[""scientific contrasts""]","[""C052"",""SYN""]",ACTIVE,LEX-P-DISC-001,L187,"[""LEX-W-SOC-004"",""LEX-P-ID-001""]","[""RF-AFFIRM-IDENTITY"",""RF-NEGATE-IDENTITY""]","[""RF-AGREE-DISAGREE""]","[""DO-AGREE-DISAGREE""]"
P-EPI-001,`know/don't know`; knowledge questions.,know vs think/believe,"[""P-ID-001""]","[""W-EPI-001""]","[""people""]","[""sources/science""]","[""C193"",""SYN""]",ACTIVE,LEX-P-EPI-001,L184,"[""LEX-W-EPI-001"",""LEX-P-ID-001""]","[""RF-AFFIRM-IDENTITY"",""RF-NEGATE-IDENTITY""]","[""RF-KNOW-UNKNOWN""]",[]
P-EPI-002,"Correction/reformulation: `actually`, `I mean`, fixed `I was wrong`.",correcting fact vs changing topic,"[""P-EPI-001""]","[""W-EPI-002""]","[""social errors""]","[""academic revision""]","[""C239"",""SYN""]",ACTIVE,LEX-P-EPI-002,L223,"[""LEX-W-EPI-002"",""LEX-P-EPI-001""]","[""RF-KNOW-UNKNOWN""]","[""RF-CORRECTION""]","[""DO-CORRECT""]"
P-EPI-003,observation/inference report: `I see/observe X`; `I think/infer Y`.,observation vs interpretation,"[""P-EPI-001""]","[""W-EPI-004""]","[""visible scene""]","[""scientific evidence""]","[""C194""]",ACTIVE,LEX-P-EPI-003,L273,"[""LEX-W-EPI-004"",""LEX-P-EPI-001""]","[""RF-KNOW-UNKNOWN""]",[],"[""DO-INFER""]"
P-EVID-001,claim/evidence explanation.,evidence vs explanation vs source,"[""P-CAU-001"",""P-SRC-001""]","[""W-EPI-007""]","[""observation""]","[""academic reasoning""]","[""C195""]",ACTIVE,LEX-P-EVID-001,L277,"[""LEX-W-EPI-007"",""LEX-P-CAU-001"",""LEX-P-SRC-001""]","[""RF-REASON"",""RF-SOURCE""]","[""RF-EVIDENCE""]","[""DO-SUPPORT-CLAIM""]"
P-EXCH-001,`buy from/sell to/pay for/exchange X for Y`.,direction of transfer,"[""P-COM-001""]","[""W-ECO-007""]","[""store""]","[""trade/economics""]","[""C157"",""C160""]",ACTIVE,LEX-P-EXCH-001,L151,"[""LEX-W-ECO-007"",""LEX-P-COM-001""]",[],[],[]
P-EXIST-001,`there is/there are`.,existential `there` vs location `there`,"[""P-DET-002"",""P-NUM-001""]","[""W-OBJ-001""]","[""rooms""]","[""maps/ecosystems""]","[""C011""]",ACTIVE,LEX-P-EXIST-001,L009,"[""LEX-W-OBJ-001"",""LEX-P-DET-002"",""LEX-P-NUM-001""]",[],[],[]
P-FIG-001,"literal/nonliteral, simile, metaphor.",figurative resemblance vs literal identity,"[""P-LEX-001"",""P-REP-001""]","[""W-LIT-003"",""W-ART-001""]","[""conventional idiom""]","[""literature""]","[""C208"",""C209""]",ACTIVE,LEX-P-FIG-001,L285,"[""LEX-W-LIT-003"",""LEX-W-ART-001"",""LEX-P-LEX-001"",""LEX-P-REP-001""]",[],[],[]
P-FLOW-001,path/transfer `flows/carries X from Y through/to Z`.,moving agent/theme roles,"[""P-PATH-001"",""P-COM-001""]","[""W-GEO-003""]","[""rivers""]","[""circulation/supply chains""]","[""C101"",""C124"",""C156""]",ACTIVE,LEX-P-FLOW-001,L131,"[""LEX-W-GEO-003"",""LEX-P-PATH-001"",""LEX-P-COM-001""]",[],[],[]
P-FRAC-001,`whole/half/quarter/part of`.,part-whole vs ownership,"[""P-PART-001"",""P-QNT-001""]","[""W-MATH-011""]","[""visual wholes""]","[""measurement""]","[""C076""]",ACTIVE,LEX-P-FRAC-001,L122,"[""LEX-W-MATH-011"",""LEX-P-PART-001"",""LEX-P-QNT-001""]",[],[],[]
P-FREQ-001,`always/usually/often/sometimes/never`.,frequency ≠ certainty,"[""P-TNS-002""]","[""W-EVT-001""]","[""routine""]","[""weather/cultural generalization""]","[""C028""]",ACTIVE,LEX-P-FREQ-001,L019,"[""LEX-W-EVT-001"",""LEX-P-TNS-002""]",[],[],[]
P-FUNC-001,`used to + verb` / `used for + -ing`.,purpose vs habitual `used to`,"[""P-INST-001""]","[""W-TEC-002""]","[""tools""]","[""machines/technology""]","[""C019""]",ACTIVE,LEX-P-FUNC-001,L037,"[""LEX-W-TEC-002"",""LEX-P-INST-001""]",[],[],[]
P-FUNC-002,"structure/function: `helps X (to)...`, `helps X by -ing`, `allows/enables`.",purpose vs causal guarantee,"[""P-FUNC-001""]","[""W-PHY-003""]","[""machines""]","[""biology/body systems""]","[""C086"",""C112"",""C126""]",ACTIVE,LEX-P-FUNC-002,L103,"[""LEX-W-PHY-003"",""LEX-P-FUNC-001""]",[],[],[]
P-GEN-001,"nonabsolute generalization/hedging: `usually`, `generally`, `often`, `tends to`.",frequency vs epistemic certainty,"[""P-FREQ-001""]","[""W-EAR-002""]","[""weather""]","[""culture/science""]","[""C097"",""C188"",""C236""]",ACTIVE,LEX-P-GEN-001,L114,"[""LEX-W-EAR-002"",""LEX-P-FREQ-001""]",[],[],[]
P-GEO-001,"geographic/location frames: `between`, cardinal `...of`, `located at/in/on`, `near/far`.",static location vs route,"[""P-SPAT-001""]","[""W-GEO-002"",""W-GEO-004""]","[""maps""]","[""geography/institutions""]","[""C100"",""C129"",""C130"",""C134"",""C147""]",ACTIVE,LEX-P-GEO-001,L135,"[""LEX-W-GEO-002"",""LEX-W-GEO-004"",""LEX-P-SPAT-001""]",[],[],[]
P-GER-001,gerunds as noun-like activity expressions.,progressive `-ing` vs gerund,"[""P-ASP-001""]","[""W-EVT-001""]","[""familiar activities""]","[""academic concepts""]","[""C216""]",ACTIVE,LEX-P-GER-001,L220,"[""LEX-W-EVT-001"",""LEX-P-ASP-001""]",[],[],[]
P-HABPAST-001,past habitual `used to`.,used to habit vs used to purpose,"[""P-TNS-003"",""P-TNS-002""]","[""W-HIS-001""]","[""past daily life""]","[""technology change""]","[""C161""]",ACTIVE,LEX-P-HABPAST-001,L153,"[""LEX-W-HIS-001"",""LEX-P-TNS-003"",""LEX-P-TNS-002""]",[],[],[]
P-ID-001,"Identity/self-introduction with copular affirmative/negative: `I am`, `X is/isn't`.",identity ≠ possession/property,[],[],"[""bootstrap""]","[""ontology/classification""]","[""C002"",""C024"",""SYN""]",ACTIVE,LEX-P-ID-001,L000,[],[],"[""RF-AFFIRM-IDENTITY"",""RF-NEGATE-IDENTITY""]","[""DO-IDENTIFY""]"
P-IMP-001,imperative instructions.,instruction vs description,"[""P-ASP-001""]","[""W-EVT-002""]","[""tasks""]","[""safety/programming""]","[""C031""]",ACTIVE,LEX-P-IMP-001,L022,"[""LEX-W-EVT-002"",""LEX-P-ASP-001""]",[],[],[]
P-INST-001,`with` as instrument.,with instrument vs by means,"[""P-DET-002""]","[""W-TEC-002""]","[""hand tools""]","[""scientific instruments""]","[""C018""]",ACTIVE,LEX-P-INST-001,L036,"[""LEX-W-TEC-002"",""LEX-P-DET-002""]",[],[],[]
P-INSTR-001,`tell/instruct X to + verb`.,quoted command vs reported instruction,"[""P-IMP-001"",""P-COM-002""]","[""W-COMP-008""]","[""programs""]","[""procedures/organizations""]","[""C173""]",ACTIVE,LEX-P-INSTR-001,L210,"[""LEX-W-COMP-008"",""LEX-P-IMP-001"",""LEX-P-COM-002""]",[],[],[]
P-LEX-001,"synonyms, antonyms, shades, context-selected multiple meanings.",similar ≠ interchangeable,"[""P-DESC-001""]","[""W-EPI-009""]","[""ordinary vocabulary""]","[""academic vocabulary""]","[""C205"",""C206"",""C207""]",ACTIVE,LEX-P-LEX-001,L284,"[""LEX-W-EPI-009"",""LEX-P-DESC-001""]",[],[],[]
P-LIT-001,"story questions/terms: character, setting, event; narrative sequence.",narrative event vs real-world truth,"[""P-Q-001"",""P-Q-003"",""P-SEQ-001""]","[""W-LIT-001""]","[""stories""]","[""history""]","[""C181"",""C182""]",ACTIVE,LEX-P-LIT-001,L173,"[""LEX-W-LIT-001"",""LEX-P-Q-001"",""LEX-P-Q-003"",""LEX-P-SEQ-001""]","[""RF-WHO-IDENTITY"",""RF-SEQUENCE""]",[],[]
P-MAT-001,`made of` vs `made from`; material-property opposites.,source material vs current composition,"[""P-PART-001"",""P-DESC-001""]","[""W-MAT-001"",""W-MAT-002""]","[""objects/materials""]","[""manufacturing""]","[""C078"",""C079""]",ACTIVE,LEX-P-MAT-001,L123,"[""LEX-W-MAT-001"",""LEX-W-MAT-002"",""LEX-P-PART-001"",""LEX-P-DESC-001""]",[],[],[]
P-MATH-001,"addition/subtraction language: `plus`, `in all`, `take away`, `left`.",operation vs static comparison,"[""P-QNT-001""]","[""W-MATH-003"",""W-MATH-004""]","[""collections""]","[""money/resources""]","[""C056"",""C057""]",ACTIVE,LEX-P-MATH-001,L064,"[""LEX-W-MATH-003"",""LEX-W-MATH-004"",""LEX-P-QNT-001""]",[],[],[]
P-MEAS-001,"measurement/price frames: `X is N units...`, `degrees`, `cost/how much`, `enough/too`.",count vs measure; amount vs price,"[""P-QNT-001"",""P-CMP-001""]","[""W-MATH-009"",""W-MATH-010""]","[""measurement""]","[""weather/economics""]","[""C066"",""C067"",""C068"",""C074"",""C075"",""C158""]",ACTIVE,LEX-P-MEAS-001,L075,"[""LEX-W-MATH-009"",""LEX-W-MATH-010"",""LEX-P-QNT-001"",""LEX-P-CMP-001""]",[],[],[]
P-META-001,"metalinguistic `In language X, Y means...`.",mentioning a word vs using it,"[""P-DEF-001""]","[""W-CUL-002""]","[""languages""]","[""terminology""]","[""C189""]",ACTIVE,LEX-P-META-001,L271,"[""LEX-W-CUL-002"",""LEX-P-DEF-001""]",[],[],[]
P-MOD-001,`can` for ability/perception.,ability vs permission/request,"[""P-TNS-002""]","[""W-BODY-002""]","[""senses""]","[""organism/machine capability""]","[""C043""]",ACTIVE,LEX-P-MOD-001,L226,"[""LEX-W-BODY-002"",""LEX-P-TNS-002""]",[],[],[]
P-MOD-002,`should/shouldn't` advice.,advice vs obligation,"[""P-TNS-002""]","[""W-BODY-004""]","[""health""]","[""engineering/social recommendation""]","[""C046""]",ACTIVE,LEX-P-MOD-002,L229,"[""LEX-W-BODY-004"",""LEX-P-TNS-002""]",[],[],[]
P-MOD-003,"`must/mustn't`, `have to`, prohibitions.",external obligation vs advice,"[""P-TNS-002""]","[""W-CIV-001""]","[""safety""]","[""rules/laws/requirements""]","[""C047"",""C049"",""C094"",""C148""]",ACTIVE,LEX-P-MOD-003,L190,"[""LEX-W-CIV-001"",""LEX-P-TNS-002""]",[],[],[]
P-MOD-004,"`may/can` permission and `may/might/could` possibility, taught as distinct subuses.",permission vs possibility vs ability,"[""P-MOD-001""]","[""W-HAZ-001""]","[""access""]","[""hazards/prediction""]","[""C048"",""C127"",""C142"",""C196""]",ACTIVE,LEX-P-MOD-004,L262,"[""LEX-W-HAZ-001"",""LEX-P-MOD-001""]",[],[],[]
P-MODEL-001,limitation frame: `represents X but does not include every...`.,model vs referent,"[""P-REP-001"",""P-DISC-001""]","[""W-REP-004""]","[""maps""]","[""scientific/computational models""]","[""C180""]",ACTIVE,LEX-P-MODEL-001,L269,"[""LEX-W-REP-004"",""LEX-P-REP-001"",""LEX-P-DISC-001""]","[""RF-AGREE-DISAGREE""]",[],[]
P-MORPH-001,"derivational morphology: common prefixes, suffixes, compounds, selected roots.",compositional meaning is not always exact,"[""P-DESC-001"",""P-DEF-001"",""P-CLASS-001""]","[""W-EPI-009"",""W-CUL-002""]","[""familiar words""]","[""technical vocabulary""]","[""C201"",""C202"",""C203"",""C204""]",ACTIVE,LEX-P-MORPH-001,L283,"[""LEX-W-EPI-009"",""LEX-W-CUL-002"",""LEX-P-DESC-001"",""LEX-P-DEF-001"",""LEX-P-CLASS-001""]",[],[],[]
P-NEED-001,`need` vs `want` predicates.,necessity vs preference,"[""P-TNS-002""]","[""W-PSY-001""]","[""ordinary needs""]","[""biological requirements/resources""]","[""C034""]",ACTIVE,LEX-P-NEED-001,L058,"[""LEX-W-PSY-001"",""LEX-P-TNS-002""]",[],[],[]
P-NEG-001,general present negation `do/does not`.,`is not` vs `does not`,"[""P-TNS-002""]","[""W-EVT-001""]","[""routines""]","[""properties/behavior""]","[""C025"",""SYN""]",ACTIVE,LEX-P-NEG-001,L017,"[""LEX-W-EVT-001"",""LEX-P-TNS-002""]",[],[],[]
P-NOUN-001,count/noncount distinction.,noun grammar vs real-world divisibility,"[""P-NUM-001""]","[""W-MAT-001""]","[""food/materials""]","[""substances/data""]","[""C035""]",ACTIVE,LEX-P-NOUN-001,L092,"[""LEX-W-MAT-001"",""LEX-P-NUM-001""]",[],[],[]
P-NUM-001,Regular plurals `-s/-es`.,grammatical number vs quantity word,"[""P-DET-001""]","[""W-OBJ-001""]","[""objects""]","[""organisms/data/categories""]","[""C005""]",ACTIVE,LEX-P-NUM-001,L005,"[""LEX-W-OBJ-001"",""LEX-P-DET-001""]",[],[],[]
P-ORD-001,ordinal forms.,cardinal vs ordinal,"[""P-QNT-001"",""P-SEQ-001""]","[""W-MATH-006""]","[""ordered objects""]","[""historical/procedural order""]","[""C059""]",ACTIVE,LEX-P-ORD-001,L068,"[""LEX-W-MATH-006"",""LEX-P-QNT-001"",""LEX-P-SEQ-001""]","[""RF-SEQUENCE""]",[],[]
P-PART-001,"part-whole frames `has`, `part of`, `contains/consists of`.",ownership vs membership vs material,"[""P-POSS-001""]","[""W-BODY-001""]","[""body""]","[""plants"",""geography"",""machines/systems""]","[""C042"",""C105"",""C133"",""C199""]",ACTIVE,LEX-P-PART-001,L121,"[""LEX-W-BODY-001"",""LEX-P-POSS-001""]",[],[],[]
P-PARTIC-001,participial modifiers.,participle vs finite verb,"[""P-PASS-001"",""P-ASP-001""]","[""W-MAT-004""]","[""processes""]","[""technical description""]","[""C218""]",ACTIVE,LEX-P-PARTIC-001,L221,"[""LEX-W-MAT-004"",""LEX-P-PASS-001"",""LEX-P-ASP-001""]",[],[],[]
P-PASS-001,"passive family, first in visible processes; later active/passive contrast and agent `by`.",means-by vs agent-by,"[""P-TNS-002"",""P-REL-001""]","[""W-EAR-003""]","[""water cycle""]","[""food chain"",""manufacturing"",""explicit grammar""]","[""C099"",""C114"",""C125"",""C155"",""C220""]",ACTIVE,LEX-P-PASS-001,L116,"[""LEX-W-EAR-003"",""LEX-P-TNS-002"",""LEX-P-REL-001""]",[],[],[]
P-PAT-001,repetition `every/every other/again`.,recurrence vs frequency probability,"[""P-SEQ-001""]","[""W-MATH-012""]","[""visual patterns""]","[""periodic events""]","[""C077""]",ACTIVE,LEX-P-PAT-001,L090,"[""LEX-W-MATH-012"",""LEX-P-SEQ-001""]","[""RF-SEQUENCE""]",[],[]
P-PATH-001,`to/from/into/out of/through`.,static location vs path,"[""P-SPAT-001""]","[""W-GEO-001""]","[""physical routes""]","[""water/data/supply chains""]","[""C013"",""C131""]",ACTIVE,LEX-P-PATH-001,L040,"[""LEX-W-GEO-001"",""LEX-P-SPAT-001""]",[],[],[]
P-PERF-001,present perfect and later past perfect.,past simple vs present perfect vs past perfect,"[""P-TNS-003"",""P-CHANGE-002""]","[""W-HIS-002""]","[""change/projects""]","[""temporal sequencing""]","[""C212"",""C219""]",ACTIVE,LEX-P-PERF-001,L219,"[""LEX-W-HIS-002"",""LEX-P-TNS-003"",""LEX-P-CHANGE-002""]",[],[],[]
P-POSS-001,Possessives `my/your/his/her/...` and `'s`.,possession vs part-whole,"[""P-ID-001"",""P-NUM-001""]","[""W-OBJ-002""]","[""belongings""]","[""households/responsibility""]","[""C008""]",ACTIVE,LEX-P-POSS-001,L025,"[""LEX-W-OBJ-002"",""LEX-P-ID-001"",""LEX-P-NUM-001""]","[""RF-AFFIRM-IDENTITY"",""RF-NEGATE-IDENTITY""]",[],[]
P-PREF-001,`like/love/dislike + noun/-ing`.,preference vs need,"[""P-TNS-002""]","[""W-PSY-001""]","[""activities""]","[""art/food/preferences""]","[""C033""]",ACTIVE,LEX-P-PREF-001,L057,"[""LEX-W-PSY-001"",""LEX-P-TNS-002""]",[],[],[]
P-PREVENT-001,`prevent/keep X from -ing`.,prevention vs prohibition,"[""P-CAU-004""]","[""W-SEC-001""]","[""security""]","[""hazards/health""]","[""C176""]",ACTIVE,LEX-P-PREVENT-001,L207,"[""LEX-W-SEC-001"",""LEX-P-CAU-004""]",[],[],[]
P-PRON-001,subject/object pronouns.,antecedent ambiguity later,"[""P-ID-001""]","[""W-CHR-001""]","[""known characters""]","[""narratives""]","[""C009""]",ACTIVE,LEX-P-PRON-001,L006,"[""LEX-W-CHR-001"",""LEX-P-ID-001""]","[""RF-AFFIRM-IDENTITY"",""RF-NEGATE-IDENTITY""]",[],[]
P-PRON-002,clear pronoun antecedents and explicit repair of ambiguity.,grammatical pronoun vs recoverable referent,"[""P-PRON-001"",""P-EPI-002""]","[""W-EPI-012""]","[""crowded scenes""]","[""academic prose""]","[""C210"",""C221""]",ACTIVE,LEX-P-PRON-002,L287,"[""LEX-W-EPI-012"",""LEX-P-PRON-001"",""LEX-P-EPI-002""]","[""RF-CORRECTION""]",[],[]
P-PURP-001,"purpose: `need X to...`, infinitive purpose, `so that`.",purpose vs cause,"[""P-NEED-001""]","[""W-PHY-005""]","[""light/tools""]","[""motives/design""]","[""C088"",""C185"",""C217""]",ACTIVE,LEX-P-PURP-001,L232,"[""LEX-W-PHY-005"",""LEX-P-NEED-001""]",[],[],[]
P-Q-001,Agent-identity question `Who are you?` / `Who is X?`.,who for agents; what/type is separate,"[""P-ID-001""]",[],"[""people/minds""]","[""roles/sources""]","[""C014""]",ACTIVE,LEX-P-Q-001,L000,"[""LEX-P-ID-001""]","[""RF-AFFIRM-IDENTITY"",""RF-NEGATE-IDENTITY""]","[""RF-WHO-IDENTITY""]","[""DO-IDENTIFY""]"
P-Q-002,`or` alternative question.,open W-question vs closed alternatives,"[""P-ID-001""]",[],"[""bootstrap""]","[""choices/hypotheses""]","[""C026"",""SYN""]",ACTIVE,LEX-P-Q-002,L000,"[""LEX-P-ID-001""]","[""RF-AFFIRM-IDENTITY"",""RF-NEGATE-IDENTITY""]","[""RF-OR-IDENTITY""]","[""DO-IDENTIFY""]"
P-Q-003,`where?`,location vs path,"[""P-SPAT-001""]","[""W-OBJ-001""]","[""objects""]","[""people/routes/files""]","[""C015""]",ACTIVE,LEX-P-Q-003,L011,"[""LEX-W-OBJ-001"",""LEX-P-SPAT-001""]",[],[],[]
P-Q-004,`which?` among an identified set.,which vs what; open vs bounded set,"[""P-Q-002"",""P-DET-003""]","[""W-GEO-001""]","[""routes/objects""]","[""classifications""]","[""C026"",""SYN""]",ACTIVE,LEX-P-Q-004,L041,"[""LEX-W-GEO-001"",""LEX-P-Q-002"",""LEX-P-DET-003""]","[""RF-OR-IDENTITY""]",[],[]
P-Q-005,`when?` temporal query.,when vs where/why,"[""P-TNS-002""]","[""W-TIME-001""]","[""schedules""]","[""history/process""]","[""C016""]",ACTIVE,LEX-P-Q-005,L055,"[""LEX-W-TIME-001"",""LEX-P-TNS-002""]",[],[],[]
P-Q-006,productive yes/no questions with `be` and `do/does`.,auxiliary choice,"[""P-ID-001"",""P-TNS-002""]","[""W-EVT-001""]","[""identity""]","[""routine/property""]","[""C024"",""C025""]",ACTIVE,LEX-P-Q-006,L018,"[""LEX-W-EVT-001"",""LEX-P-ID-001"",""LEX-P-TNS-002""]","[""RF-AFFIRM-IDENTITY"",""RF-NEGATE-IDENTITY""]","[""RF-YES-NO""]",[]
P-Q-007,Object/type question `What is this?` / `What is X?`.,what/type vs who/agent,"[""P-ID-001"",""P-DET-001""]","[""W-OBJ-001""]","[""objects/devices""]","[""categories/definitions""]","[""C014"",""SYN""]",ACTIVE,LEX-P-Q-007,L008,"[""LEX-W-OBJ-001"",""LEX-P-ID-001"",""LEX-P-DET-001""]","[""RF-AFFIRM-IDENTITY"",""RF-NEGATE-IDENTITY""]","[""RF-WHAT-TYPE""]","[""DO-IDENTIFY""]"
P-QNT-001,`how many?` and zero responses `no/none/not any`.,noun plurality vs cardinality,"[""P-NUM-001""]","[""W-MATH-001""]","[""small collections""]","[""data/resources""]","[""C053"",""C054""]",ACTIVE,LEX-P-QNT-001,L044,"[""LEX-W-MATH-001"",""LEX-P-NUM-001""]",[],[],[]
P-QNT-002,`some/any`; `many/much/a lot of`; partitives.,count/noncount selection,"[""P-NOUN-001""]","[""W-MAT-001""]","[""food""]","[""material/resource quantities""]","[""C036"",""C037"",""C038""]",ACTIVE,LEX-P-QNT-002,L093,"[""LEX-W-MAT-001"",""LEX-P-NOUN-001""]",[],[],[]
P-QNT-003,distributives `each/every/all`.,individual iteration vs group total,"[""P-QNT-001""]","[""W-MATH-005""]","[""distribution""]","[""rules/generalizations""]","[""C058""]",ACTIVE,LEX-P-QNT-003,L066,"[""LEX-W-MATH-005"",""LEX-P-QNT-001""]",[],[],[]
P-QNT-004,contrastive quantification `some...others...`.,existential some vs subgroup contrast,"[""P-QNT-003""]","[""W-PHY-004""]","[""magnets""]","[""biological variation/beliefs""]","[""C087"",""C119"",""C190""]",ACTIVE,LEX-P-QNT-004,L105,"[""LEX-W-PHY-004"",""LEX-P-QNT-003""]",[],[],[]
P-REAL-001,`real/imaginary/about`.,fiction vs false factual claim,"[""P-REP-001""]","[""W-LIT-003""]","[""fiction/nonfiction""]","[""models""]","[""C184""]",ACTIVE,LEX-P-REAL-001,L213,"[""LEX-W-LIT-003"",""LEX-P-REP-001""]",[],[],[]
P-REFINE-001,`more precisely/in other words`.,correction vs paraphrase,"[""P-EPI-002"",""P-DEF-001""]","[""W-EPI-002""]","[""repair""]","[""academic exposition""]","[""C239""]",ACTIVE,LEX-P-REFINE-001,L293,"[""LEX-W-EPI-002"",""LEX-P-EPI-002"",""LEX-P-DEF-001""]","[""RF-CORRECTION""]","[""RF-CORRECTION""]","[""DO-CORRECT""]"
P-REG-001,formal/informal register adaptation.,grammar correctness vs appropriateness,"[""P-SOC-001"",""P-SOC-002"",""P-SOC-003"",""P-SOC-004"",""P-SOC-005"",""P-SOC-006"",""P-SOC-009"",""P-SOC-010""]","[""W-REG-001""]","[""friends/strangers""]","[""institutions""]","[""C192""]",ACTIVE,LEX-P-REG-001,L217,"[""LEX-W-REG-001"",""LEX-P-SOC-001"",""LEX-P-SOC-002"",""LEX-P-SOC-003"",""LEX-P-SOC-004"",""LEX-P-SOC-005"",""LEX-P-SOC-006"",""LEX-P-SOC-009"",""LEX-P-SOC-010""]","[""RF-GREETING"",""RF-MEETING-RECIPROCITY"",""RF-CLARIFICATION"",""RF-POLITE-REQUEST"",""RF-THANKS"",""RF-FAREWELL""]",[],"[""DO-ADAPT-REGISTER""]"
P-REL-001,`by` as means/channel.,by means vs with instrument vs by agent,"[""P-ID-001""]","[""W-ONT-002""]","[""data transfer""]","[""physical transport"",""media""]","[""C017"",""C164""]",ACTIVE,LEX-P-REL-001,L032,"[""LEX-W-ONT-002"",""LEX-P-ID-001""]","[""RF-AFFIRM-IDENTITY"",""RF-NEGATE-IDENTITY""]",[],[]
P-RELCL-001,relative clauses `who/which/that`.,defining vs supplementary detail,"[""P-PRON-001"",""P-DET-002""]","[""W-BIO-009""]","[""predators/jobs""]","[""formal definitions""]","[""C115"",""C145"",""C211""]",ACTIVE,LEX-P-RELCL-001,L241,"[""LEX-W-BIO-009"",""LEX-P-PRON-001"",""LEX-P-DET-002""]",[],[],[]
P-REP-001,`represents/stands for`.,representation vs identity,"[""P-ID-001"",""P-DET-002""]","[""W-REP-001""]","[""icons""]","[""maps"",""symbols/models""]","[""C128"",""C166"",""C186""]",ACTIVE,LEX-P-REP-001,L028,"[""LEX-W-REP-001"",""LEX-P-ID-001"",""LEX-P-DET-002""]","[""RF-AFFIRM-IDENTITY"",""RF-NEGATE-IDENTITY""]",[],[]
P-REPORT-001,direct speech vs reported `say/tell`.,quote vs paraphrase,"[""P-COM-002"",""P-TNS-003""]","[""W-LIT-002""]","[""stories""]","[""testimony/source work""]","[""C183""]",ACTIVE,LEX-P-REPORT-001,L211,"[""LEX-W-LIT-002"",""LEX-P-COM-002"",""LEX-P-TNS-003""]",[],[],[]
P-RESP-001,"responsibility/permission: `responsible for`, `allowed to`.",obligation vs authorization,"[""P-MOD-003"",""P-MOD-004""]","[""W-CIV-002""]","[""civics""]","[""organizations""]","[""C149"",""C152""]",ACTIVE,LEX-P-RESP-001,L264,"[""LEX-W-CIV-002"",""LEX-P-MOD-003"",""LEX-P-MOD-004""]",[],[],[]
P-SEARCH-001,`look for` vs `find`.,process vs successful result,"[""P-COMP-001""]","[""W-COMP-006""]","[""information search""]","[""ordinary search""]","[""C171""]",ACTIVE,LEX-P-SEARCH-001,L203,"[""LEX-W-COMP-006"",""LEX-P-COMP-001""]",[],[],[]
P-SENT-001,simple/compound/complex sentence composition.,clause linkage vs run-on coordination,"[""P-DISC-001"",""P-CAU-001"",""P-RELCL-001"",""P-CONTR-001""]","[""W-EPI-007""]","[""explanation""]","[""formal writing""]","[""C222""]",ACTIVE,LEX-P-SENT-001,L288,"[""LEX-W-EPI-007"",""LEX-P-DISC-001"",""LEX-P-CAU-001"",""LEX-P-RELCL-001"",""LEX-P-CONTR-001""]","[""RF-AGREE-DISAGREE"",""RF-REASON""]",[],[]
P-SEQ-001,procedural query/explanation: `How...? First/next/then/finally`.,method `how` vs reason `why`,"[""P-IMP-001""]","[""W-EVT-002""]","[""familiar procedure""]","[""engineering/algorithms""]","[""C032"",""SYN""]",ACTIVE,LEX-P-SEQ-001,L023,"[""LEX-W-EVT-002"",""LEX-P-IMP-001""]",[],"[""RF-SEQUENCE""]","[""DO-SEQUENCE""]"
P-SHAPE-001,"`shaped like`, `has N sides/faces`.",resemblance vs category identity,"[""P-DESC-001""]","[""W-MATH-007"",""W-MATH-008""]","[""geometry""]","[""signs/objects""]","[""C060"",""C061""]",ACTIVE,LEX-P-SHAPE-001,L071,"[""LEX-W-MATH-007"",""LEX-W-MATH-008"",""LEX-P-DESC-001""]",[],[],[]
P-SIM-001,`similar to/different from/same as`; paired `both...and`.,shared property vs identity,"[""P-CMP-002""]","[""W-BIO-011""]","[""heredity""]","[""classification/evidence""]","[""C117"",""C118"",""C200"",""C213""]",ACTIVE,LEX-P-SIM-001,L244,"[""LEX-W-BIO-011"",""LEX-P-CMP-002""]",[],[],"[""DO-COMPARE""]"
P-SOC-001,"Greetings used to open an encounter: `Hello!`, `Good morning!`.",greeting ≠ introduction ≠ farewell,[],[],"[""bootstrap""]","[""ordinary encounters/register""]","[""C001""]",ACTIVE,LEX-P-SOC-001,L000,[],[],"[""RF-GREETING""]","[""DO-GREET""]"
P-SOC-002,"Meeting reciprocity: `Nice to meet you!` / `Nice to meet you, too.`",meeting reciprocity ≠ thanking,"[""P-SOC-001"",""P-ID-001""]",[],"[""canonical first meetings""]","[""noncanonical controlled practice""]","[""C002""]",ACTIVE,LEX-P-SOC-002,L000,"[""LEX-P-SOC-001"",""LEX-P-ID-001""]","[""RF-GREETING"",""RF-AFFIRM-IDENTITY"",""RF-NEGATE-IDENTITY""]","[""RF-MEETING-RECIPROCITY""]",[]
P-SOC-003,"Introduce another person: `This is X`; `X, this is Y`.",introducing self vs third party,"[""P-ID-001"",""P-Q-001""]",[],"[""social chronology""]","[""institutional introductions""]","[""C002"",""SYN""]",ACTIVE,LEX-P-SOC-003,L048,"[""LEX-P-ID-001"",""LEX-P-Q-001""]","[""RF-AFFIRM-IDENTITY"",""RF-NEGATE-IDENTITY"",""RF-WHO-IDENTITY""]",[],"[""DO-INTRODUCE""]"
P-SOC-004,Repair/clarification: `I don't understand`; `What does X mean?`; `Can you say that another way?`,repeat vs rephrase vs define,"[""P-Q-001"",""P-ID-001""]","[""W-SOC-002""]","[""dialogue""]","[""technical explanation/mediation""]","[""V2"",""SYN""]",ACTIVE,LEX-P-SOC-004,L034,"[""LEX-W-SOC-002"",""LEX-P-Q-001"",""LEX-P-ID-001""]","[""RF-WHO-IDENTITY"",""RF-AFFIRM-IDENTITY"",""RF-NEGATE-IDENTITY""]","[""RF-CLARIFICATION""]","[""DO-REPAIR""]"
P-SOC-005,Polite request `Can you ... please?`,ability `can` vs request `can`,"[""P-SOC-002""]","[""W-SOC-003""]","[""cooperation""]","[""services/instructions""]","[""C020""]",ACTIVE,LEX-P-SOC-005,L050,"[""LEX-W-SOC-003"",""LEX-P-SOC-002""]","[""RF-MEETING-RECIPROCITY""]","[""RF-POLITE-REQUEST""]","[""DO-REQUEST""]"
P-SOC-006,"apology/attention: `sorry`, `excuse me`.",apology vs clarification,"[""P-SOC-001""]","[""W-SOC-004""]","[""interruption""]","[""mistake/repair""]","[""C022""]",ACTIVE,LEX-P-SOC-006,L186,"[""LEX-W-SOC-004"",""LEX-P-SOC-001""]","[""RF-GREETING""]",[],[]
P-SOC-007,congratulation/wishes.,congratulations vs thanks,"[""P-SOC-001""]","[""W-CUL-004""]","[""achievement""]","[""celebrations""]","[""C023"",""C191""]",ACTIVE,LEX-P-SOC-007,L179,"[""LEX-W-CUL-004"",""LEX-P-SOC-001""]","[""RF-GREETING""]",[],[]
P-SOC-008,offers/invitations: `Would you like...?`; polite accept/decline.,offer vs request,"[""P-PREF-001"",""P-SOC-002""]","[""W-SOC-003""]","[""food/activity""]","[""services""]","[""C039"",""C040""]",ACTIVE,LEX-P-SOC-008,L059,"[""LEX-W-SOC-003"",""LEX-P-PREF-001"",""LEX-P-SOC-002""]","[""RF-MEETING-RECIPROCITY""]",[],[]
P-SOC-009,"Thanking and response: `Thank you.`, `Thanks.`, `You're welcome.`",thanking ≠ meeting reciprocity ≠ apology,"[""P-SOC-001""]","[""W-SOC-003""]","[""help/gifts""]","[""services/cooperation""]","[""C021""]",ACTIVE,LEX-P-SOC-009,L051,"[""LEX-W-SOC-003"",""LEX-P-SOC-001""]","[""RF-GREETING""]","[""RF-THANKS""]",[]
P-SOC-010,"Farewells: `Goodbye.`, `See you later.`",farewell ≠ greeting,"[""P-SOC-001""]","[""W-CHR-001""]","[""ordinary encounters""]","[""register""]","[""C001""]",ACTIVE,LEX-P-SOC-010,L052,"[""LEX-W-CHR-001"",""LEX-P-SOC-001""]","[""RF-GREETING""]","[""RF-FAREWELL""]",[]
P-SOURCE-001,source relation `comes from`.,source vs agent vs location,"[""P-PATH-001""]","[""W-PHY-009""]","[""energy/resources""]","[""provenance""]","[""C092"",""C102""]",ACTIVE,LEX-P-SOURCE-001,L109,"[""LEX-W-PHY-009"",""LEX-P-PATH-001""]",[],[],[]
P-SPAT-001,`in/on/under/above/beside/next to`.,topological/spatial distinctions,"[""P-DET-002""]","[""W-OBJ-001""]","[""objects""]","[""body/maps/computing""]","[""C012""]",ACTIVE,LEX-P-SPAT-001,L010,"[""LEX-W-OBJ-001"",""LEX-P-DET-002""]",[],[],[]
P-SRC-001,"evidence/source attribution: `according to`, `based on`, `supported by`.",source attribution vs truth guarantee,"[""P-EPI-003""]","[""W-EPI-003""]","[""source materials""]","[""science/ML""]","[""C167"",""C179"",""C238""]",ACTIVE,LEX-P-SRC-001,L274,"[""LEX-W-EPI-003"",""LEX-P-EPI-003""]",[],"[""RF-SOURCE""]","[""DO-ATTRIBUTE-SOURCE""]"
P-STATE-001,`feel + adj` / `have + symptom noun`.,property vs reported internal state,"[""P-DESC-001""]","[""W-BODY-003"",""W-BODY-004""]","[""emotions""]","[""health""]","[""C044"",""C045""]",ACTIVE,LEX-P-STATE-001,L228,"[""LEX-W-BODY-003"",""LEX-W-BODY-004"",""LEX-P-DESC-001""]",[],[],[]
P-SUM-001,`overall/in summary`.,summary vs repetition of all detail,"[""P-SENT-001""]","[""W-LIT-001""]","[""process summaries""]","[""formal reports""]","[""C240""]",ACTIVE,LEX-P-SUM-001,L294,"[""LEX-W-LIT-001"",""LEX-P-SENT-001""]",[],"[""RF-SUMMARY""]","[""DO-SUMMARIZE""]"
P-SYS-001,`work together to`; system/component composition language.,component vs member,"[""P-PART-001"",""P-FUNC-002""]","[""W-ENG-001""]","[""body systems""]","[""machines/networks""]","[""C123"",""C140"",""C199""]",ACTIVE,LEX-P-SYS-001,L127,"[""LEX-W-ENG-001"",""LEX-P-PART-001"",""LEX-P-FUNC-002""]",[],[],[]
P-TIME-001,"temporal `at/on/in`, `before/after/during/for`.",point/date/period/duration,"[""P-Q-005""]","[""W-TIME-001"",""W-TIME-002""]","[""schedules""]","[""processes/history""]","[""C069"",""C070"",""C072"",""C098""]",ACTIVE,LEX-P-TIME-001,L078,"[""LEX-W-TIME-001"",""LEX-W-TIME-002"",""LEX-P-Q-005""]",[],[],"[""DO-SEQUENCE""]"
P-TNS-001,`will` for a later commitment/prediction at introductory level.,commitment vs prediction; not full future system,"[""P-ID-001""]","[""W-SOC-005""]","[""promises""]","[""planned/future events""]","[""C071"",""SYN""]",ACTIVE,LEX-P-TNS-001,L081,"[""LEX-W-SOC-005"",""LEX-P-ID-001""]","[""RF-AFFIRM-IDENTITY"",""RF-NEGATE-IDENTITY""]",[],[]
P-TNS-002,"simple present for habits/general routines, including third-person `-s`.",habitual vs current action,"[""P-ASP-001""]","[""W-EVT-001""]","[""routine""]","[""scientific generalization""]","[""C027"",""C029""]",ACTIVE,LEX-P-TNS-002,L016,"[""LEX-W-EVT-001"",""LEX-P-ASP-001""]",[],[],[]
P-TNS-003,"simple past, introduced separately from future; later narrative past.",past event vs past habit,"[""P-TNS-002"",""P-TIME-001""]","[""W-TIME-003""]","[""completed familiar events""]","[""history/story""]","[""C071"",""C182""]",ACTIVE,LEX-P-TNS-003,L082,"[""LEX-W-TIME-003"",""LEX-P-TNS-002"",""LEX-P-TIME-001""]",[],[],[]
P-WORK-001,`work as/at/for`.,role vs place vs employer,"[""P-TNS-002""]","[""W-ECO-004""]","[""jobs""]","[""institutions""]","[""C154""]",ACTIVE,LEX-P-WORK-001,L147,"[""LEX-W-ECO-004"",""LEX-P-TNS-002""]",[],[],[]
