source_id,original_topic,original_point,target_world_ids,target_point_ids,lesson_ids,backlog_status,transformation_type,exclusion_or_defer_reason,authority_role
C001,meeting another person,"greetings and farewells: “hello,” “good morning,” “goodbye,” “see you later”","[""W-CHR-001"",""W-SOC-001""]","[""P-SOC-001"",""P-SOC-010""]","[""L000"",""L047"",""L052""]",ACTIVE_COMPILED,DECOMPOSED_NORMALIZED_OR_MERGED,,PROVENANCE_CANDIDATE_ONLY
C002,names and introductions,"“I am…,” “my name is…,” “this is…”","[""W-CHR-001"",""W-SOC-001""]","[""P-ID-001"",""P-SOC-002"",""P-SOC-003""]","[""L000"",""L047"",""L048""]",ACTIVE_COMPILED,DECOMPOSED_NORMALIZED_OR_MERGED,,PROVENANCE_CANDIDATE_ONLY
C003,people and occupational roles,"indefinite articles “a/an”: “a teacher,” “an engineer”","[""W-SOC-010""]","[""P-DET-001""]","[""L002"",""L053""]",ACTIVE_COMPILED,DECOMPOSED_NORMALIZED_OR_MERGED,,PROVENANCE_CANDIDATE_ONLY
C004,familiar objects in a room,definite article “the” for an identifiable referent,"[""W-OBJ-001""]","[""P-DET-002""]","[""L003"",""L004""]",ACTIVE_COMPILED,DECOMPOSED_NORMALIZED_OR_MERGED,,PROVENANCE_CANDIDATE_ONLY
C005,groups of ordinary objects,regular plural nouns with “-s/-es”,"[""W-OBJ-001""]","[""P-NUM-001""]","[""L003"",""L005""]",ACTIVE_COMPILED,DECOMPOSED_NORMALIZED_OR_MERGED,,PROVENANCE_CANDIDATE_ONLY
C006,nearby and distant objects,“this/that/these/those”,"[""W-OBJ-001""]","[""P-DET-003""]","[""L003"",""L007""]",ACTIVE_COMPILED,DECOMPOSED_NORMALIZED_OR_MERGED,,PROVENANCE_CANDIDATE_ONLY
C007,belongings and possessions,“have/has”,"[""W-OBJ-001"",""W-OBJ-002""]",[],"[""L003"",""L024""]",ACTIVE_COMPILED,DECOMPOSED_NORMALIZED_OR_MERGED,,PROVENANCE_CANDIDATE_ONLY
C008,owners and their belongings,possessives: “my/your/his/her/our/their” and possessive “’s”,"[""W-OBJ-001"",""W-OBJ-002""]","[""P-POSS-001""]","[""L003"",""L024"",""L025""]",ACTIVE_COMPILED,DECOMPOSED_NORMALIZED_OR_MERGED,,PROVENANCE_CANDIDATE_ONLY
C009,people performing actions,"subject and object pronouns: “I/me,” “he/him,” “they/them”","[""W-OBJ-001""]","[""P-PRON-001""]","[""L003"",""L006""]",ACTIVE_COMPILED,DECOMPOSED_NORMALIZED_OR_MERGED,,PROVENANCE_CANDIDATE_ONLY
C010,colors and visible properties,adjective + noun and “be + adjective”: “a red folder”; “the folder is red”,"[""W-OBJ-001"",""W-OBJ-003""]","[""P-DESC-001""]","[""L003"",""L012"",""L013""]",ACTIVE_COMPILED,DECOMPOSED_NORMALIZED_OR_MERGED,,PROVENANCE_CANDIDATE_ONLY
C011,items in an office,“there is/there are”,"[""W-OBJ-001""]","[""P-EXIST-001""]","[""L003"",""L009""]",ACTIVE_COMPILED,DECOMPOSED_NORMALIZED_OR_MERGED,,PROVENANCE_CANDIDATE_ONLY
C012,positions of objects in a room,“in/on/under/above/beside/next to”,"[""W-OBJ-001""]","[""P-SPAT-001""]","[""L003"",""L010""]",ACTIVE_COMPILED,DECOMPOSED_NORMALIZED_OR_MERGED,,PROVENANCE_CANDIDATE_ONLY
C013,"entering, leaving, and moving between places",“to/from/into/out of”,"[""W-GEO-001"",""W-OBJ-001""]","[""P-PATH-001""]","[""L003"",""L039"",""L040""]",ACTIVE_COMPILED,DECOMPOSED_NORMALIZED_OR_MERGED,,PROVENANCE_CANDIDATE_ONLY
C014,identifying people and things,“who?” and “what?”,[],"[""P-Q-001"",""P-Q-007""]","[""L000"",""L008""]",ACTIVE_COMPILED,DECOMPOSED_NORMALIZED_OR_MERGED,,PROVENANCE_CANDIDATE_ONLY
C015,locating people and objects,“where?”,[],"[""P-Q-003""]","[""L011""]",ACTIVE_COMPILED,REUSABLE_POINT_OR_TRANSFER,,PROVENANCE_CANDIDATE_ONLY
C016,events and appointments,“when?”,"[""W-TIME-001""]","[""P-Q-005""]","[""L054"",""L055""]",ACTIVE_COMPILED,DECOMPOSED_NORMALIZED_OR_MERGED,,PROVENANCE_CANDIDATE_ONLY
C017,means of transportation,"“by” as the means of performing an action: “by train,” “by car”","[""W-TRN-001""]","[""P-REL-001""]","[""L032"",""L038""]",ACTIVE_COMPILED,DECOMPOSED_NORMALIZED_OR_MERGED,,PROVENANCE_CANDIDATE_ONLY
C018,hand tools and instruments,“with” as an instrument: “cut it with a knife”,"[""W-TEC-002""]","[""P-INST-001""]","[""L035"",""L036""]",ACTIVE_COMPILED,DECOMPOSED_NORMALIZED_OR_MERGED,,PROVENANCE_CANDIDATE_ONLY
C019,tools and their functions,“used to + verb” and “used for + -ing”,"[""W-TEC-002""]","[""P-FUNC-001""]","[""L035"",""L037""]",ACTIVE_COMPILED,DECOMPOSED_NORMALIZED_OR_MERGED,,PROVENANCE_CANDIDATE_ONLY
C020,asking someone for help,polite requests with “can you…?” and “please”,"[""W-SOC-003""]","[""P-SOC-005""]","[""L049"",""L050""]",ACTIVE_COMPILED,DECOMPOSED_NORMALIZED_OR_MERGED,,PROVENANCE_CANDIDATE_ONLY
C021,receiving help or a gift,"thanking and responding: “thank you,” “thanks,” “you’re welcome”",[],"[""P-SOC-009""]","[""L051""]",ACTIVE_COMPILED,REUSABLE_POINT_OR_TRANSFER,,PROVENANCE_CANDIDATE_ONLY
C022,minor mistakes and interruptions,"apologies and attention-getting: “sorry,” “excuse me”",[],"[""P-SOC-006""]","[""L186""]",ACTIVE_COMPILED,REUSABLE_POINT_OR_TRANSFER,,PROVENANCE_CANDIDATE_ONLY
C023,achievements and good news,congratulations and positive social formulas,[],"[""P-SOC-007""]","[""L179""]",ACTIVE_COMPILED,REUSABLE_POINT_OR_TRANSFER,,PROVENANCE_CANDIDATE_ONLY
C024,checking identity or state,yes/no questions with “be”: “Is this yours?” “Are they ready?”,[],"[""P-ID-001"",""P-Q-006""]","[""L000"",""L018""]",ACTIVE_COMPILED,DECOMPOSED_NORMALIZED_OR_MERGED,,PROVENANCE_CANDIDATE_ONLY
C025,ordinary actions,yes/no questions with “do/does”,[],"[""P-NEG-001"",""P-Q-006""]","[""L017"",""L018""]",ACTIVE_COMPILED,DECOMPOSED_NORMALIZED_OR_MERGED,,PROVENANCE_CANDIDATE_ONLY
C026,choosing between alternatives,“or” in alternative questions: “tea or coffee?”,[],"[""P-Q-002"",""P-Q-004""]","[""L000"",""L041""]",ACTIVE_COMPILED,DECOMPOSED_NORMALIZED_OR_MERGED,,PROVENANCE_CANDIDATE_ONLY
C027,rooms and activities in a home,simple present for habitual facts and routines,"[""W-EVT-001""]","[""P-TNS-002""]","[""L014"",""L016""]",ACTIVE_COMPILED,DECOMPOSED_NORMALIZED_OR_MERGED,,PROVENANCE_CANDIDATE_ONLY
C028,a daily schedule,frequency adverbs: “always/usually/often/sometimes/never”,"[""W-EVT-001""]","[""P-FREQ-001""]","[""L014"",""L019""]",ACTIVE_COMPILED,DECOMPOSED_NORMALIZED_OR_MERGED,,PROVENANCE_CANDIDATE_ONLY
C029,what different people do each day,"third-person singular “-s”: “she works,” “the bus stops”","[""W-EVT-001""]","[""P-TNS-002""]","[""L014"",""L016""]",ACTIVE_COMPILED,DECOMPOSED_NORMALIZED_OR_MERGED,,PROVENANCE_CANDIDATE_ONLY
C030,activity happening right now,present progressive: “is/are + -ing”,"[""W-EVT-001""]","[""P-ASP-001""]","[""L014"",""L015""]",ACTIVE_COMPILED,DECOMPOSED_NORMALIZED_OR_MERGED,,PROVENANCE_CANDIDATE_ONLY
C031,instructions in an office or classroom,"the imperative: “open the file,” “put it here”","[""W-EVT-002""]","[""P-IMP-001""]","[""L020"",""L022""]",ACTIVE_COMPILED,DECOMPOSED_NORMALIZED_OR_MERGED,,PROVENANCE_CANDIDATE_ONLY
C032,completing a short task,"procedural sequence: “first, next, then, finally”","[""W-EVT-002""]","[""P-SEQ-001""]","[""L020"",""L023""]",ACTIVE_COMPILED,DECOMPOSED_NORMALIZED_OR_MERGED,,PROVENANCE_CANDIDATE_ONLY
C033,hobbies and preferred activities,“like/love/dislike + noun” and “+ -ing”,[],"[""P-PREF-001""]","[""L057""]",ACTIVE_COMPILED,REUSABLE_POINT_OR_TRANSFER,,PROVENANCE_CANDIDATE_ONLY
C034,needs versus preferences,“need” versus “want”,"[""W-PSY-001""]","[""P-NEED-001""]","[""L056"",""L058""]",ACTIVE_COMPILED,DECOMPOSED_NORMALIZED_OR_MERGED,,PROVENANCE_CANDIDATE_ONLY
C035,foods and ingredients,count versus noncount nouns,[],"[""P-NOUN-001""]","[""L092""]",ACTIVE_COMPILED,REUSABLE_POINT_OR_TRANSFER,,PROVENANCE_CANDIDATE_ONLY
C036,food available in a kitchen,“some/any”,[],"[""P-QNT-002""]","[""L093""]",ACTIVE_COMPILED,REUSABLE_POINT_OR_TRANSFER,,PROVENANCE_CANDIDATE_ONLY
C037,quantities of food and materials,“many/much/a lot of”,[],"[""P-QNT-002""]","[""L093""]",ACTIVE_COMPILED,REUSABLE_POINT_OR_TRANSFER,,PROVENANCE_CANDIDATE_ONLY
C038,containers and portions,"partitive expressions: “a cup of,” “a piece of,” “a bottle of”",[],"[""P-QNT-002""]","[""L093""]",ACTIVE_COMPILED,REUSABLE_POINT_OR_TRANSFER,,PROVENANCE_CANDIDATE_ONLY
C039,offering food or drink,“Would you like…?”,[],"[""P-SOC-008""]","[""L059""]",ACTIVE_COMPILED,REUSABLE_POINT_OR_TRANSFER,,PROVENANCE_CANDIDATE_ONLY
C040,inviting someone to an activity,accepting and declining invitations politely,[],"[""P-SOC-008""]","[""L059""]",ACTIVE_COMPILED,REUSABLE_POINT_OR_TRANSFER,,PROVENANCE_CANDIDATE_ONLY
C041,clothing and getting dressed,separable action expressions “put on/take off”,[],"[""P-ACT-001""]","[""L060""]",ACTIVE_COMPILED,REUSABLE_POINT_OR_TRANSFER,,PROVENANCE_CANDIDATE_ONLY
C042,major parts of the human body,part–whole language: “X has Y”; “Y is part of X”,"[""W-BODY-001"",""W-SYS-001""]","[""P-PART-001""]","[""L112"",""L120"",""L121""]",ACTIVE_COMPILED,DECOMPOSED_NORMALIZED_OR_MERGED,,PROVENANCE_CANDIDATE_ONLY
C043,the five senses,perception with “can”: “can see/hear/smell/taste/feel”,"[""W-BODY-002""]","[""P-MOD-001""]","[""L225"",""L226""]",ACTIVE_COMPILED,DECOMPOSED_NORMALIZED_OR_MERGED,,PROVENANCE_CANDIDATE_ONLY
C044,emotions and internal states,"“feel + adjective”: “feel happy,” “feel worried”","[""W-BODY-003""]","[""P-STATE-001""]","[""L181"",""L228""]",ACTIVE_COMPILED,DECOMPOSED_NORMALIZED_OR_MERGED,,PROVENANCE_CANDIDATE_ONLY
C045,ordinary symptoms and discomfort,“have + noun” versus “feel + adjective”: “have a headache”; “feel sick”,"[""W-BODY-004""]","[""P-STATE-001""]","[""L227"",""L228""]",ACTIVE_COMPILED,DECOMPOSED_NORMALIZED_OR_MERGED,,PROVENANCE_CANDIDATE_ONLY
C046,visiting a doctor or clinic,advice with “should/shouldn’t”,"[""W-BODY-004""]","[""P-MOD-002""]","[""L227"",""L229""]",ACTIVE_COMPILED,DECOMPOSED_NORMALIZED_OR_MERGED,,PROVENANCE_CANDIDATE_ONLY
C047,warning and safety signs,rules with “must/mustn’t”,"[""W-CIV-001"",""W-HAZ-002""]","[""P-MOD-003""]","[""L189"",""L190"",""L261""]",ACTIVE_COMPILED,DECOMPOSED_NORMALIZED_OR_MERGED,,PROVENANCE_CANDIDATE_ONLY
C048,entering or using a restricted space,permission with “may/can”,"[""W-CIV-001"",""W-HAZ-002""]","[""P-MOD-004""]","[""L189"",""L261"",""L262""]",ACTIVE_COMPILED,DECOMPOSED_NORMALIZED_OR_MERGED,,PROVENANCE_CANDIDATE_ONLY
C049,emergencies and urgent instructions,direct imperative commands and prohibitions,"[""W-CIV-001"",""W-HAZ-002""]","[""P-MOD-003""]","[""L189"",""L190"",""L261""]",ACTIVE_COMPILED,DECOMPOSED_NORMALIZED_OR_MERGED,,PROVENANCE_CANDIDATE_ONLY
C050,explaining why something happened,“because”,[],"[""P-CAU-001""]","[""L191""]",ACTIVE_COMPILED,REUSABLE_POINT_OR_TRANSFER,,PROVENANCE_CANDIDATE_ONLY
C051,causes producing results,“so”,[],"[""P-CAU-003""]","[""L192""]",ACTIVE_COMPILED,REUSABLE_POINT_OR_TRANSFER,,PROVENANCE_CANDIDATE_ONLY
C052,two facts that contrast,coordinating conjunction “but”,[],"[""P-DISC-001""]","[""L187""]",ACTIVE_COMPILED,REUSABLE_POINT_OR_TRANSFER,,PROVENANCE_CANDIDATE_ONLY
C053,counting collections of objects,“how many?”,"[""W-MATH-001""]","[""P-QNT-001""]","[""L043"",""L044""]",ACTIVE_COMPILED,DECOMPOSED_NORMALIZED_OR_MERGED,,PROVENANCE_CANDIDATE_ONLY
C054,empty sets and absence,“no/none/not any”,"[""W-MATH-001""]","[""P-QNT-001""]","[""L043"",""L044""]",ACTIVE_COMPILED,DECOMPOSED_NORMALIZED_OR_MERGED,,PROVENANCE_CANDIDATE_ONLY
C055,comparing two groups,“more than/less than/equal to”,"[""W-MATH-002""]","[""P-CMP-001""]","[""L045"",""L046""]",ACTIVE_COMPILED,DECOMPOSED_NORMALIZED_OR_MERGED,,PROVENANCE_CANDIDATE_ONLY
C056,putting collections together,"addition language: “plus,” “altogether,” “in all”","[""W-MATH-003""]","[""P-MATH-001""]","[""L061"",""L064""]",ACTIVE_COMPILED,DECOMPOSED_NORMALIZED_OR_MERGED,,PROVENANCE_CANDIDATE_ONLY
C057,taking objects away from a collection,"subtraction language: “take away,” “left,” “remain”","[""W-MATH-004""]","[""P-MATH-001""]","[""L062"",""L064""]",ACTIVE_COMPILED,DECOMPOSED_NORMALIZED_OR_MERGED,,PROVENANCE_CANDIDATE_ONLY
C058,distributing objects among people,“each/every/all”,"[""W-MATH-005""]","[""P-QNT-003""]","[""L065"",""L066""]",ACTIVE_COMPILED,DECOMPOSED_NORMALIZED_OR_MERGED,,PROVENANCE_CANDIDATE_ONLY
C059,positions in an ordered sequence,"ordinal numbers: “first, second, third…”","[""W-MATH-006""]","[""P-ORD-001""]","[""L067"",""L068""]",ACTIVE_COMPILED,DECOMPOSED_NORMALIZED_OR_MERGED,,PROVENANCE_CANDIDATE_ONLY
C060,familiar two-dimensional shapes,“shaped like”: “the sign is shaped like a triangle”,"[""W-MATH-007"",""W-OBJ-003""]","[""P-SHAPE-001""]","[""L012"",""L069"",""L071""]",ACTIVE_COMPILED,DECOMPOSED_NORMALIZED_OR_MERGED,,PROVENANCE_CANDIDATE_ONLY
C061,two- and three-dimensional objects,"describing attributes with “has”: “has four sides,” “has six faces”","[""W-MATH-008"",""W-OBJ-003""]","[""P-SHAPE-001""]","[""L012"",""L070"",""L071""]",ACTIVE_COMPILED,DECOMPOSED_NORMALIZED_OR_MERGED,,PROVENANCE_CANDIDATE_ONLY
C062,objects of different sizes,comparative adjectives with “-er”,"[""W-MATH-009"",""W-OBJ-003""]","[""P-CMP-002""]","[""L012"",""L072"",""L073""]",ACTIVE_COMPILED,DECOMPOSED_NORMALIZED_OR_MERGED,,PROVENANCE_CANDIDATE_ONLY
C063,direct comparison of measurements,comparative “than”,"[""W-MATH-009"",""W-OBJ-003""]","[""P-CMP-002""]","[""L012"",""L072"",""L073""]",ACTIVE_COMPILED,DECOMPOSED_NORMALIZED_OR_MERGED,,PROVENANCE_CANDIDATE_ONLY
C064,objects with equal properties,"“as…as”: “as long as,” “as heavy as”","[""W-MATH-009"",""W-OBJ-003""]","[""P-CMP-002""]","[""L012"",""L072"",""L073""]",ACTIVE_COMPILED,DECOMPOSED_NORMALIZED_OR_MERGED,,PROVENANCE_CANDIDATE_ONLY
C065,extremes in a collection,"superlatives: “largest,” “smallest,” “fastest”","[""W-MATH-009"",""W-OBJ-003""]","[""P-CMP-002""]","[""L012"",""L072"",""L073""]",ACTIVE_COMPILED,DECOMPOSED_NORMALIZED_OR_MERGED,,PROVENANCE_CANDIDATE_ONLY
C066,mass and capacity,“more/less” with quantities,"[""W-MATH-009"",""W-MATH-010""]","[""P-MEAS-001""]","[""L072"",""L074"",""L075""]",ACTIVE_COMPILED,DECOMPOSED_NORMALIZED_OR_MERGED,,PROVENANCE_CANDIDATE_ONLY
C067,rulers and standard units,measurement frame “X is Y units long/high/wide”,"[""W-MATH-009""]","[""P-MEAS-001""]","[""L072"",""L075""]",ACTIVE_COMPILED,DECOMPOSED_NORMALIZED_OR_MERGED,,PROVENANCE_CANDIDATE_ONLY
C068,weather and temperature readings,"“degrees,” “above,” and “below”","[""W-EAR-001""]","[""P-MEAS-001""]","[""L075"",""L076""]",ACTIVE_COMPILED,DECOMPOSED_NORMALIZED_OR_MERGED,,PROVENANCE_CANDIDATE_ONLY
C069,"clocks, dates, and calendars",temporal “at/on/in”,"[""W-TIME-001""]","[""P-TIME-001""]","[""L054"",""L078""]",ACTIVE_COMPILED,DECOMPOSED_NORMALIZED_OR_MERGED,,PROVENANCE_CANDIDATE_ONLY
C070,ordering events in time,“before/after”,"[""W-TIME-002""]","[""P-TIME-001""]","[""L077"",""L078""]",ACTIVE_COMPILED,DECOMPOSED_NORMALIZED_OR_MERGED,,PROVENANCE_CANDIDATE_ONLY
C071,"yesterday, today, and tomorrow",simple past/present/future contrasts,"[""W-TIME-003""]","[""P-TNS-001"",""P-TNS-003""]","[""L080"",""L081"",""L082""]",ACTIVE_COMPILED,DECOMPOSED_NORMALIZED_OR_MERGED,,PROVENANCE_CANDIDATE_ONLY
C072,how long an event lasts,duration with “for”,"[""W-TIME-002""]","[""P-TIME-001""]","[""L077"",""L078""]",ACTIVE_COMPILED,DECOMPOSED_NORMALIZED_OR_MERGED,,PROVENANCE_CANDIDATE_ONLY
C073,ages and generations,"“years old,” “older than,” “younger than”","[""W-TIME-004""]","[""P-AGE-001""]","[""L083"",""L084""]",ACTIVE_COMPILED,DECOMPOSED_NORMALIZED_OR_MERGED,,PROVENANCE_CANDIDATE_ONLY
C074,prices in a store,“how much?” and “cost”,"[""W-ECO-001""]","[""P-MEAS-001""]","[""L075"",""L085""]",ACTIVE_COMPILED,DECOMPOSED_NORMALIZED_OR_MERGED,,PROVENANCE_CANDIDATE_ONLY
C075,having sufficient money or material,“enough/not enough”,"[""W-ECO-002""]","[""P-MEAS-001""]","[""L075"",""L087""]",ACTIVE_COMPILED,DECOMPOSED_NORMALIZED_OR_MERGED,,PROVENANCE_CANDIDATE_ONLY
C076,dividing wholes into parts,"“whole,” “half,” “quarter,” “part of”","[""W-MATH-011""]","[""P-FRAC-001""]","[""L088"",""L122""]",ACTIVE_COMPILED,DECOMPOSED_NORMALIZED_OR_MERGED,,PROVENANCE_CANDIDATE_ONLY
C077,repeating visual and numerical patterns,"repetition language: “every,” “every other,” “again”","[""W-MATH-012""]","[""P-PAT-001""]","[""L089"",""L090""]",ACTIVE_COMPILED,DECOMPOSED_NORMALIZED_OR_MERGED,,PROVENANCE_CANDIDATE_ONLY
C078,materials used to make objects,“made of” versus “made from”,"[""W-MAT-001""]","[""P-MAT-001""]","[""L091"",""L123""]",ACTIVE_COMPILED,DECOMPOSED_NORMALIZED_OR_MERGED,,PROVENANCE_CANDIDATE_ONLY
C079,physical properties of materials,"adjective opposites: “hard/soft,” “rough/smooth,” “flexible/rigid”","[""W-MAT-002""]","[""P-MAT-001""]","[""L094"",""L123""]",ACTIVE_COMPILED,DECOMPOSED_NORMALIZED_OR_MERGED,,PROVENANCE_CANDIDATE_ONLY
C080,"solids, liquids, and gases","classification with “can be”: “water can be solid, liquid, or gas”","[""W-MAT-003""]","[""P-CLASS-001""]","[""L095"",""L096""]",ACTIVE_COMPILED,DECOMPOSED_NORMALIZED_OR_MERGED,,PROVENANCE_CANDIDATE_ONLY
C081,materials changing state or form,“become/turn into”,"[""W-MAT-004""]","[""P-CHANGE-001""]","[""L097"",""L098""]",ACTIVE_COMPILED,DECOMPOSED_NORMALIZED_OR_MERGED,,PROVENANCE_CANDIDATE_ONLY
C082,heating and cooling,general relationships with “when”: “when water freezes…”,"[""W-MAT-004""]","[""P-COND-001""]","[""L097"",""L193""]",ACTIVE_COMPILED,DECOMPOSED_NORMALIZED_OR_MERGED,,PROVENANCE_CANDIDATE_ONLY
C083,"pushes, pulls, and collisions",causative “make + object + verb”: “the push makes it move”,"[""W-PHY-001""]","[""P-CAU-002""]","[""L099"",""L100""]",ACTIVE_COMPILED,DECOMPOSED_NORMALIZED_OR_MERGED,,PROVENANCE_CANDIDATE_ONLY
C084,"starting, stopping, and changing motion",inchoative/causative action pairs: “move/stop/start/turn”,"[""W-PHY-001""]",[],"[""L099""]",ACTIVE_COMPILED,WORLD_OBJECTIVE,,PROVENANCE_CANDIDATE_ONLY
C085,objects moving at different speeds,comparative adverbs: “moves faster/slower than”,"[""W-PHY-001"",""W-PHY-002""]","[""P-CMP-002""]","[""L073"",""L099"",""L101""]",ACTIVE_COMPILED,DECOMPOSED_NORMALIZED_OR_MERGED,,PROVENANCE_CANDIDATE_ONLY
C086,simple machines and mechanical advantage,“helps X by + -ing”,"[""W-PHY-003""]","[""P-FUNC-002""]","[""L102"",""L103""]",ACTIVE_COMPILED,DECOMPOSED_NORMALIZED_OR_MERGED,,PROVENANCE_CANDIDATE_ONLY
C087,magnets and magnetic materials,contrastive quantification: “some…; others…”,"[""W-PHY-004""]","[""P-QNT-004""]","[""L104"",""L105""]",ACTIVE_COMPILED,DECOMPOSED_NORMALIZED_OR_MERGED,,PROVENANCE_CANDIDATE_ONLY
C088,light and seeing objects,necessity/purpose: “need X to + verb”,"[""W-PHY-005""]","[""P-PURP-001""]","[""L231"",""L232""]",ACTIVE_COMPILED,DECOMPOSED_NORMALIZED_OR_MERGED,,PROVENANCE_CANDIDATE_ONLY
C089,shadows and blocked light,causal explanation with “because”,"[""W-PHY-006""]",[],"[""L233""]",ACTIVE_COMPILED,WORLD_OBJECTIVE,,PROVENANCE_CANDIDATE_ONLY
C090,sound and vibration,“cause” and “make”: “vibration causes sound”; “vibration makes a sound”,"[""W-PHY-007""]","[""P-CAU-004""]","[""L106"",""L194""]",ACTIVE_COMPILED,DECOMPOSED_NORMALIZED_OR_MERGED,,PROVENANCE_CANDIDATE_ONLY
C091,simple electrical circuits,real conditions with “if…then…”,"[""W-PHY-008""]","[""P-COND-001""]","[""L107"",""L193""]",ACTIVE_COMPILED,DECOMPOSED_NORMALIZED_OR_MERGED,,PROVENANCE_CANDIDATE_ONLY
C092,common energy sources,“comes from”,"[""W-PHY-009""]","[""P-SOURCE-001""]","[""L108"",""L109""]",ACTIVE_COMPILED,DECOMPOSED_NORMALIZED_OR_MERGED,,PROVENANCE_CANDIDATE_ONLY
C093,machines made of interacting parts,“consists of”,"[""W-ENG-001""]",[],"[""L111""]",ACTIVE_COMPILED,WORLD_OBJECTIVE,,PROVENANCE_CANDIDATE_ONLY
C094,an engineering problem,necessity with “need to/have to”,"[""W-ENG-002""]","[""P-MOD-003""]","[""L190"",""L234""]",ACTIVE_COMPILED,DECOMPOSED_NORMALIZED_OR_MERGED,,PROVENANCE_CANDIDATE_ONLY
C095,testing a proposed solution,predictions and results with “if…then…”,"[""W-ENG-002""]","[""P-COND-001""]","[""L193"",""L234""]",ACTIVE_COMPILED,DECOMPOSED_NORMALIZED_OR_MERGED,,PROVENANCE_CANDIDATE_ONLY
C096,current weather conditions,"impersonal weather “it”: “it is raining,” “it is cold”","[""W-EAR-001""]",[],"[""L076""]",ACTIVE_COMPILED,WORLD_OBJECTIVE,,PROVENANCE_CANDIDATE_ONLY
C097,recurring weather patterns,“usually” and “tends to”,"[""W-EAR-002""]","[""P-GEN-001""]","[""L113"",""L114""]",ACTIVE_COMPILED,DECOMPOSED_NORMALIZED_OR_MERGED,,PROVENANCE_CANDIDATE_ONLY
C098,seasons and seasonal events,“during”,"[""W-EAR-002""]","[""P-TIME-001""]","[""L078"",""L113""]",ACTIVE_COMPILED,DECOMPOSED_NORMALIZED_OR_MERGED,,PROVENANCE_CANDIDATE_ONLY
C099,"evaporation, condensation, and precipitation","basic process passive: “is heated,” “is cooled,” “is carried”","[""W-EAR-003""]","[""P-PASS-001""]","[""L115"",""L116""]",ACTIVE_COMPILED,DECOMPOSED_NORMALIZED_OR_MERGED,,PROVENANCE_CANDIDATE_ONLY
C100,"mountains, valleys, plains, and coasts","relative-location phrases: “between,” “beside,” “at the foot of”","[""W-GEO-002""]","[""P-GEO-001""]","[""L129"",""L135""]",ACTIVE_COMPILED,DECOMPOSED_NORMALIZED_OR_MERGED,,PROVENANCE_CANDIDATE_ONLY
C101,"rivers, lakes, and oceans",movement of water with “flows from/through/into”,"[""W-GEO-003""]","[""P-FLOW-001""]","[""L130"",""L131""]",ACTIVE_COMPILED,DECOMPOSED_NORMALIZED_OR_MERGED,,PROVENANCE_CANDIDATE_ONLY
C102,natural resources,source and function: “comes from”; “is used for”,"[""W-EAR-004""]","[""P-SOURCE-001""]","[""L109"",""L117""]",ACTIVE_COMPILED,DECOMPOSED_NORMALIZED_OR_MERGED,,PROVENANCE_CANDIDATE_ONLY
C103,"waste, recycling, and resource conservation",alternatives with “instead of”,"[""W-EAR-004""]","[""P-ALT-001""]","[""L117"",""L118""]",ACTIVE_COMPILED,DECOMPOSED_NORMALIZED_OR_MERGED,,PROVENANCE_CANDIDATE_ONLY
C104,living versus nonliving things,stating necessary properties with “needs”,"[""W-BIO-001""]",[],"[""L119""]",ACTIVE_COMPILED,WORLD_OBJECTIVE,,PROVENANCE_CANDIDATE_ONLY
C105,"roots, stems, leaves, flowers, and seeds",whole–part relations with “has” and “part of”,"[""W-BIO-002"",""W-SYS-001""]","[""P-PART-001""]","[""L112"",""L121"",""L124""]",ACTIVE_COMPILED,DECOMPOSED_NORMALIZED_OR_MERGED,,PROVENANCE_CANDIDATE_ONLY
C106,what plants require to grow,“need + noun” and “need to + verb”,"[""W-BIO-003""]",[],"[""L125""]",ACTIVE_COMPILED,WORLD_OBJECTIVE,,PROVENANCE_CANDIDATE_ONLY
C107,plant growth from seed to mature plant,developmental path “from…to…”,"[""W-BIO-003""]",[],"[""L125""]",ACTIVE_COMPILED,WORLD_OBJECTIVE,,PROVENANCE_CANDIDATE_ONLY
C108,basic animal groups,genus-and-difference definition: “A X is a Y that…”,"[""W-BIO-004""]","[""P-DEF-001""]","[""L235"",""L236""]",ACTIVE_COMPILED,DECOMPOSED_NORMALIZED_OR_MERGED,,PROVENANCE_CANDIDATE_ONLY
C109,"fur, feathers, scales, shells, wings, and fins",descriptive “with”: “an animal with feathers”,"[""W-BIO-005""]",[],"[""L237""]",ACTIVE_COMPILED,WORLD_OBJECTIVE,,PROVENANCE_CANDIDATE_ONLY
C110,ways animals move,shades of verb meaning: “walk/run/crawl/slither/swim/fly”,"[""W-BIO-005""]",[],"[""L237""]",ACTIVE_COMPILED,WORLD_OBJECTIVE,,PROVENANCE_CANDIDATE_ONLY
C111,"forests, grasslands, deserts, oceans, and other habitats",“live in/on/near”,"[""W-BIO-006""]",[],"[""L132""]",ACTIVE_COMPILED,WORLD_OBJECTIVE,,PROVENANCE_CANDIDATE_ONLY
C112,structures that help organisms survive,structure/function frame “helps X to + verb”,"[""W-BIO-007""]","[""P-FUNC-002""]","[""L103"",""L238""]",ACTIVE_COMPILED,DECOMPOSED_NORMALIZED_OR_MERGED,,PROVENANCE_CANDIDATE_ONLY
C113,"herbivores, carnivores, and omnivores",diet language “eat/feed on”,"[""W-BIO-008""]",[],"[""L239""]",ACTIVE_COMPILED,WORLD_OBJECTIVE,,PROVENANCE_CANDIDATE_ONLY
C114,simple food chains,active versus passive relation: “X eats Y / Y is eaten by X”,"[""W-BIO-008""]","[""P-PASS-001""]","[""L116"",""L239""]",ACTIVE_COMPILED,DECOMPOSED_NORMALIZED_OR_MERGED,,PROVENANCE_CANDIDATE_ONLY
C115,predators and prey,relative clauses with “that/which”: “an animal that hunts…”,"[""W-BIO-009""]","[""P-RELCL-001""]","[""L240"",""L241""]",ACTIVE_COMPILED,DECOMPOSED_NORMALIZED_OR_MERGED,,PROVENANCE_CANDIDATE_ONLY
C116,animal life cycles,“begin as/become”,"[""W-BIO-010""]","[""P-CHANGE-001""]","[""L098"",""L242""]",ACTIVE_COMPILED,DECOMPOSED_NORMALIZED_OR_MERGED,,PROVENANCE_CANDIDATE_ONLY
C117,parents and offspring,“similar to/different from”,"[""W-BIO-010"",""W-BIO-011""]","[""P-SIM-001""]","[""L242"",""L243"",""L244""]",ACTIVE_COMPILED,DECOMPOSED_NORMALIZED_OR_MERGED,,PROVENANCE_CANDIDATE_ONLY
C118,traits shared by parent and offspring,“both…and”,"[""W-BIO-011""]","[""P-SIM-001""]","[""L243"",""L244""]",ACTIVE_COMPILED,DECOMPOSED_NORMALIZED_OR_MERGED,,PROVENANCE_CANDIDATE_ONLY
C119,variation among members of one kind,"contrast with “while”: “some are large, while others are small”","[""W-BIO-011""]","[""P-CONTR-001"",""P-QNT-004""]","[""L105"",""L243"",""L245""]",ACTIVE_COMPILED,DECOMPOSED_NORMALIZED_OR_MERGED,,PROVENANCE_CANDIDATE_ONLY
C120,organisms sharing an ecosystem,“depend on”,"[""W-BIO-012""]","[""P-DEP-001""]","[""L246"",""L247""]",ACTIVE_COMPILED,DECOMPOSED_NORMALIZED_OR_MERGED,,PROVENANCE_CANDIDATE_ONLY
C121,pollination and seed dispersal,"“by” for process or agent: “carried by wind,” “spread by animals”","[""W-BIO-013""]",[],"[""L126""]",ACTIVE_COMPILED,WORLD_OBJECTIVE,,PROVENANCE_CANDIDATE_ONLY
C122,dead material and decomposers,“break down into”,"[""W-BIO-014""]","[""P-DECOMP-001""]","[""L248"",""L249""]",ACTIVE_COMPILED,DECOMPOSED_NORMALIZED_OR_MERGED,,PROVENANCE_CANDIDATE_ONLY
C123,major human body systems,“work together to…”,"[""W-BODY-005"",""W-BODY-006""]","[""P-SYS-001""]","[""L127"",""L250"",""L251""]",ACTIVE_COMPILED,DECOMPOSED_NORMALIZED_OR_MERGED,,PROVENANCE_CANDIDATE_ONLY
C124,blood circulation,transfer frame “carry X from Y to Z”,"[""W-BODY-007""]","[""P-FLOW-001""]","[""L131"",""L252""]",ACTIVE_COMPILED,DECOMPOSED_NORMALIZED_OR_MERGED,,PROVENANCE_CANDIDATE_ONLY
C125,digestion,ordered process language with the passive,"[""W-BODY-008""]","[""P-PASS-001""]","[""L116"",""L253""]",ACTIVE_COMPILED,DECOMPOSED_NORMALIZED_OR_MERGED,,PROVENANCE_CANDIDATE_ONLY
C126,"brain, nerves, and information from the senses",“allows/enables/helps”,"[""W-BODY-009""]","[""P-FUNC-002""]","[""L103"",""L254""]",ACTIVE_COMPILED,DECOMPOSED_NORMALIZED_OR_MERGED,,PROVENANCE_CANDIDATE_ONLY
C127,"germs, illness, and prevention",possibility and causation with “can/may cause”,"[""W-BODY-010""]","[""P-MOD-004""]","[""L255"",""L262""]",ACTIVE_COMPILED,DECOMPOSED_NORMALIZED_OR_MERGED,,PROVENANCE_CANDIDATE_ONLY
C128,maps and globes,representation: “represents/stands for”,"[""W-REP-001"",""W-REP-002""]","[""P-REP-001""]","[""L027"",""L028"",""L128""]",ACTIVE_COMPILED,DECOMPOSED_NORMALIZED_OR_MERGED,,PROVENANCE_CANDIDATE_ONLY
C129,"north, south, east, and west",“north/south/east/west of”,"[""W-GEO-004"",""W-REP-002""]","[""P-GEO-001""]","[""L128"",""L133"",""L135""]",ACTIVE_COMPILED,DECOMPOSED_NORMALIZED_OR_MERGED,,PROVENANCE_CANDIDATE_ONLY
C130,addresses and geographic locations,“located at/in/on”,"[""W-GEO-005"",""W-REP-002""]","[""P-GEO-001""]","[""L128"",""L135"",""L136""]",ACTIVE_COMPILED,DECOMPOSED_NORMALIZED_OR_MERGED,,PROVENANCE_CANDIDATE_ONLY
C131,following a route on a map,path construction “from…through…to…”,"[""W-GEO-001"",""W-REP-002""]","[""P-PATH-001""]","[""L039"",""L040"",""L128""]",ACTIVE_COMPILED,DECOMPOSED_NORMALIZED_OR_MERGED,,PROVENANCE_CANDIDATE_ONLY
C132,continents and oceans,set membership: “one of”,"[""W-GEO-005""]","[""P-CLASS-001""]","[""L096"",""L136""]",ACTIVE_COMPILED,DECOMPOSED_NORMALIZED_OR_MERGED,,PROVENANCE_CANDIDATE_ONLY
C133,"countries, regions, and cities",hierarchical geography: “part of/within”,"[""W-GEO-005"",""W-SYS-001""]","[""P-PART-001""]","[""L112"",""L121"",""L136""]",ACTIVE_COMPILED,DECOMPOSED_NORMALIZED_OR_MERGED,,PROVENANCE_CANDIDATE_ONLY
C134,local and distant places,“near/far from”,"[""W-GEO-005""]","[""P-GEO-001""]","[""L135"",""L136""]",ACTIVE_COMPILED,DECOMPOSED_NORMALIZED_OR_MERGED,,PROVENANCE_CANDIDATE_ONLY
C135,day and night on Earth,simultaneous contrast with “while”,"[""W-AST-001""]","[""P-CONTR-001""]","[""L137"",""L245""]",ACTIVE_COMPILED,DECOMPOSED_NORMALIZED_OR_MERGED,,PROVENANCE_CANDIDATE_ONLY
C136,objects visible in the daytime and nighttime sky,appearance versus reality with “appears/seems”,"[""W-AST-001""]","[""P-APPEAR-001""]","[""L137"",""L195""]",ACTIVE_COMPILED,DECOMPOSED_NORMALIZED_OR_MERGED,,PROVENANCE_CANDIDATE_ONLY
C137,the Sun’s apparent position and changing shadows,correlated change with “as”: “as the Sun appears higher…”,"[""W-AST-002""]","[""P-CORREL-001""]","[""L257"",""L258""]",ACTIVE_COMPILED,DECOMPOSED_NORMALIZED_OR_MERGED,,PROVENANCE_CANDIDATE_ONLY
C138,changing appearance of the Moon,“changes over time”,"[""W-AST-003""]","[""P-CHANGE-001""]","[""L098"",""L138""]",ACTIVE_COMPILED,DECOMPOSED_NORMALIZED_OR_MERGED,,PROVENANCE_CANDIDATE_ONLY
C139,planets and orbits,“orbit/go around”,"[""W-AST-004""]",[],"[""L139""]",ACTIVE_COMPILED,WORLD_OBJECTIVE,,PROVENANCE_CANDIDATE_ONLY
C140,the solar system,“includes/consists of”,"[""W-AST-005""]","[""P-SYS-001""]","[""L127"",""L140""]",ACTIVE_COMPILED,DECOMPOSED_NORMALIZED_OR_MERGED,,PROVENANCE_CANDIDATE_ONLY
C141,"atmosphere, water, land, and living things",interaction language: “interacts with/affects”,"[""W-EAR-005""]","[""P-DEP-001""]","[""L247"",""L259""]",ACTIVE_COMPILED,DECOMPOSED_NORMALIZED_OR_MERGED,,PROVENANCE_CANDIDATE_ONLY
C142,"storms, floods, fires, earthquakes, and other hazards",possibility and contingency: “can/may”; “in case of”,"[""W-HAZ-001"",""W-HAZ-002"",""W-HAZ-003""]","[""P-MOD-004""]","[""L260"",""L261"",""L262"",""L263""]",ACTIVE_COMPILED,DECOMPOSED_NORMALIZED_OR_MERGED,,PROVENANCE_CANDIDATE_ONLY
C143,households and family relationships,possession question “whose?” and “belongs to”,"[""W-OBJ-002"",""W-SOC-008""]",[],"[""L024"",""L141""]",ACTIVE_COMPILED,DECOMPOSED_NORMALIZED_OR_MERGED,,PROVENANCE_CANDIDATE_ONLY
C144,"clubs, teams, organizations, and groups",membership: “belong to/member of”,"[""W-SOC-009""]","[""P-CLASS-001""]","[""L096"",""L142""]",ACTIVE_COMPILED,DECOMPOSED_NORMALIZED_OR_MERGED,,PROVENANCE_CANDIDATE_ONLY
C145,community occupations,person-defining relative clause: “someone who…”,"[""W-SOC-010""]","[""P-RELCL-001""]","[""L053"",""L241""]",ACTIVE_COMPILED,DECOMPOSED_NORMALIZED_OR_MERGED,,PROVENANCE_CANDIDATE_ONLY
C146,"libraries, sanitation, transit, mail, and other public services",“provide X for Y”,"[""W-SOC-011""]",[],"[""L143""]",ACTIVE_COMPILED,WORLD_OBJECTIVE,,PROVENANCE_CANDIDATE_ONLY
C147,"schools, libraries, clinics, banks, and other institutions",distinguishing “at” from “in” for institutions and locations,"[""W-SOC-012""]","[""P-GEO-001""]","[""L135"",""L144""]",ACTIVE_COMPILED,DECOMPOSED_NORMALIZED_OR_MERGED,,PROVENANCE_CANDIDATE_ONLY
C148,rules and laws,“must/have to” versus advisory “should”,"[""W-CIV-001""]","[""P-MOD-003""]","[""L189"",""L190""]",ACTIVE_COMPILED,DECOMPOSED_NORMALIZED_OR_MERGED,,PROVENANCE_CANDIDATE_ONLY
C149,leaders and basic functions of government,“responsible for”,"[""W-CIV-002""]","[""P-RESP-001""]","[""L196"",""L264""]",ACTIVE_COMPILED,DECOMPOSED_NORMALIZED_OR_MERGED,,PROVENANCE_CANDIDATE_ONLY
C150,making a choice between two alternatives,“either…or”,"[""W-CIV-003""]","[""P-CHOICE-001""]","[""L197"",""L198""]",ACTIVE_COMPILED,DECOMPOSED_NORMALIZED_OR_MERGED,,PROVENANCE_CANDIDATE_ONLY
C151,groups making collective decisions,preference and selection with “choose/vote for”,"[""W-CIV-003""]",[],"[""L197""]",ACTIVE_COMPILED,WORLD_OBJECTIVE,,PROVENANCE_CANDIDATE_ONLY
C152,rights and responsibilities,“allowed to” versus “responsible for”,"[""W-CIV-001""]","[""P-RESP-001""]","[""L189"",""L264""]",ACTIVE_COMPILED,DECOMPOSED_NORMALIZED_OR_MERGED,,PROVENANCE_CANDIDATE_ONLY
C153,goods and services,contrasting object and activity definitions: “a thing that…” / “work that…”,"[""W-ECO-003""]",[],"[""L145""]",ACTIVE_COMPILED,WORLD_OBJECTIVE,,PROVENANCE_CANDIDATE_ONLY
C154,jobs and workplaces,“work as/work at/work for”,"[""W-ECO-004""]","[""P-WORK-001""]","[""L146"",""L147""]",ACTIVE_COMPILED,DECOMPOSED_NORMALIZED_OR_MERGED,,PROVENANCE_CANDIDATE_ONLY
C155,"farms, factories, workshops, and service providers",production passive: “is grown/made/provided by”,"[""W-ECO-005""]","[""P-PASS-001""]","[""L116"",""L148""]",ACTIVE_COMPILED,DECOMPOSED_NORMALIZED_OR_MERGED,,PROVENANCE_CANDIDATE_ONLY
C156,a simple supply chain,sequence and transfer with “before/after/from/to”,"[""W-ECO-006""]","[""P-FLOW-001""]","[""L131"",""L149""]",ACTIVE_COMPILED,DECOMPOSED_NORMALIZED_OR_MERGED,,PROVENANCE_CANDIDATE_ONLY
C157,buying and selling,argument structure of “buy from/sell to/pay for”,"[""W-ECO-007""]","[""P-EXCH-001""]","[""L150"",""L151""]",ACTIVE_COMPILED,DECOMPOSED_NORMALIZED_OR_MERGED,,PROVENANCE_CANDIDATE_ONLY
C158,saving and spending money,“enough to” and “too…to”,"[""W-ECO-002"",""W-ECO-007""]","[""P-MEAS-001""]","[""L075"",""L087"",""L150""]",ACTIVE_COMPILED,DECOMPOSED_NORMALIZED_OR_MERGED,,PROVENANCE_CANDIDATE_ONLY
C159,scarcity and limited resources,consequence frame “not enough…so…”,"[""W-ECO-002"",""W-ECO-007""]","[""P-CAU-003""]","[""L087"",""L150"",""L192""]",ACTIVE_COMPILED,DECOMPOSED_NORMALIZED_OR_MERGED,,PROVENANCE_CANDIDATE_ONLY
C160,trade and exchange,“exchange/trade X for Y”,"[""W-ECO-007""]","[""P-EXCH-001""]","[""L150"",""L151""]",ACTIVE_COMPILED,DECOMPOSED_NORMALIZED_OR_MERGED,,PROVENANCE_CANDIDATE_ONLY
C161,everyday life in the past and present,past habitual “used to”,"[""W-HIS-001""]","[""P-HABPAST-001""]","[""L152"",""L153""]",ACTIVE_COMPILED,DECOMPOSED_NORMALIZED_OR_MERGED,,PROVENANCE_CANDIDATE_ONLY
C162,technologies and customs that change over time,“still/no longer”,"[""W-HIS-001""]","[""P-CHANGE-002""]","[""L152"",""L155""]",ACTIVE_COMPILED,DECOMPOSED_NORMALIZED_OR_MERGED,,PROVENANCE_CANDIDATE_ONLY
C163,change across generations,present perfect for past-to-present change: “has changed”,"[""W-HIS-002""]","[""P-CHANGE-002""]","[""L154"",""L155""]",ACTIVE_COMPILED,DECOMPOSED_NORMALIZED_OR_MERGED,,PROVENANCE_CANDIDATE_ONLY
C164,ways people communicate over distance,"means with “by”: “by phone,” “by email,” “by radio”","[""W-COM-001"",""W-COM-002"",""W-ONT-002"",""W-TEC-001""]","[""P-REL-001""]","[""L026"",""L029"",""L031"",""L032"",""L156""]",ACTIVE_COMPILED,DECOMPOSED_NORMALIZED_OR_MERGED,,PROVENANCE_CANDIDATE_ONLY
C165,"sender, message, and receiver",transfer argument structure: “send X to Y”; “receive X from Y”,"[""W-COM-001"",""W-ONT-002"",""W-TEC-001""]","[""P-COM-001""]","[""L026"",""L029"",""L030"",""L031""]",ACTIVE_COMPILED,DECOMPOSED_NORMALIZED_OR_MERGED,,PROVENANCE_CANDIDATE_ONLY
C166,"signs, icons, labels, and symbols",“means/stands for”,"[""W-ONT-002"",""W-REP-001"",""W-REP-003""]","[""P-REP-001""]","[""L027"",""L028"",""L031"",""L157""]",ACTIVE_COMPILED,DECOMPOSED_NORMALIZED_OR_MERGED,,PROVENANCE_CANDIDATE_ONLY
C167,"books, reports, news, and reference sources",source attribution with “according to”,"[""W-EPI-003"",""W-EPI-005"",""W-ONT-002""]","[""P-SRC-001""]","[""L031"",""L199"",""L200"",""L274""]",ACTIVE_COMPILED,DECOMPOSED_NORMALIZED_OR_MERGED,,PROVENANCE_CANDIDATE_ONLY
C168,computer inputs and outputs,transformation frame “takes X and produces Y”,"[""W-COMP-001"",""W-ONT-002""]","[""P-COMP-001""]","[""L031"",""L159"",""L162""]",ACTIVE_COMPILED,DECOMPOSED_NORMALIZED_OR_MERGED,,PROVENANCE_CANDIDATE_ONLY
C169,"files, records, and stored data",“stored in/on”,"[""W-COMP-002"",""W-ONT-002""]","[""P-COMP-001""]","[""L031"",""L160"",""L162""]",ACTIVE_COMPILED,DECOMPOSED_NORMALIZED_OR_MERGED,,PROVENANCE_CANDIDATE_ONLY
C170,computer networks and the Internet,“connected to/through”,"[""W-COMP-003"",""W-COMP-004"",""W-COMP-005"",""W-ONT-002""]","[""P-COMP-001""]","[""L031"",""L161"",""L162"",""L163"",""L164""]",ACTIVE_COMPILED,DECOMPOSED_NORMALIZED_OR_MERGED,,PROVENANCE_CANDIDATE_ONLY
C171,looking up information,“look for” versus “find”,"[""W-COMP-006""]","[""P-SEARCH-001""]","[""L202"",""L203""]",ACTIVE_COMPILED,DECOMPOSED_NORMALIZED_OR_MERGED,,PROVENANCE_CANDIDATE_ONLY
C172,algorithms and ordered procedures,conditional branching with “if…else/otherwise”,"[""W-COMP-007"",""W-EVT-002""]","[""P-COND-002""]","[""L020"",""L165"",""L204""]",ACTIVE_COMPILED,DECOMPOSED_NORMALIZED_OR_MERGED,,PROVENANCE_CANDIDATE_ONLY
C173,computer programs and commands,causative communication “tell/instruct X to + verb”,"[""W-COMP-008""]","[""P-INSTR-001""]","[""L166"",""L210""]",ACTIVE_COMPILED,DECOMPOSED_NORMALIZED_OR_MERGED,,PROVENANCE_CANDIDATE_ONLY
C174,"tables, charts, and simple data displays",“shows that” and “compared with”,"[""W-DATA-001""]","[""P-DATA-001""]","[""L167"",""L275""]",ACTIVE_COMPILED,DECOMPOSED_NORMALIZED_OR_MERGED,,PROVENANCE_CANDIDATE_ONLY
C175,trends in quantities,"correlative comparative “the more…, the more…”","[""W-DATA-002""]","[""P-CORREL-001""]","[""L168"",""L258""]",ACTIVE_COMPILED,DECOMPOSED_NORMALIZED_OR_MERGED,,PROVENANCE_CANDIDATE_ONLY
C176,"passwords, privacy, and access control",prevention with “keep/prevent X from + -ing”,"[""W-SEC-001""]","[""P-PREVENT-001""]","[""L205"",""L207""]",ACTIVE_COMPILED,DECOMPOSED_NORMALIZED_OR_MERGED,,PROVENANCE_CANDIDATE_ONLY
C177,errors and debugging,"troubleshooting frame “if X doesn’t…, try…”","[""W-COMP-009""]","[""P-COND-002""]","[""L204"",""L265""]",ACTIVE_COMPILED,DECOMPOSED_NORMALIZED_OR_MERGED,,PROVENANCE_CANDIDATE_ONLY
C178,automation and machines performing tasks,“can be used to…”,"[""W-COMP-010""]","[""P-AUTO-001""]","[""L169"",""L170""]",ACTIVE_COMPILED,DECOMPOSED_NORMALIZED_OR_MERGED,,PROVENANCE_CANDIDATE_ONLY
C179,machine learning and AI models,relation phrase “based on”: “a prediction is based on examples/data”,"[""W-ML-001"",""W-ML-002"",""W-ML-003""]","[""P-SRC-001""]","[""L171"",""L266"",""L267"",""L274""]",ACTIVE_COMPILED,DECOMPOSED_NORMALIZED_OR_MERGED,,PROVENANCE_CANDIDATE_ONLY
C180,models as simplified representations,limitation language: “represents X but does not include every…”,"[""W-REP-001"",""W-REP-004""]","[""P-MODEL-001""]","[""L027"",""L268"",""L269""]",ACTIVE_COMPILED,DECOMPOSED_NORMALIZED_OR_MERGED,,PROVENANCE_CANDIDATE_ONLY
C181,stories and their components,“character/setting/event” through “who/where/what happened?”,"[""W-LIT-001""]","[""P-LIT-001""]","[""L172"",""L173""]",ACTIVE_COMPILED,DECOMPOSED_NORMALIZED_OR_MERGED,,PROVENANCE_CANDIDATE_ONLY
C182,telling a sequence of past events,narrative simple past with “first/then/later/finally”,"[""W-LIT-001""]","[""P-LIT-001"",""P-TNS-003""]","[""L082"",""L172"",""L173""]",ACTIVE_COMPILED,DECOMPOSED_NORMALIZED_OR_MERGED,,PROVENANCE_CANDIDATE_ONLY
C183,conversations inside stories,direct speech versus “say/tell”,"[""W-EPI-003"",""W-LIT-002""]","[""P-COM-002"",""P-REPORT-001""]","[""L174"",""L199"",""L209"",""L211""]",ACTIVE_COMPILED,DECOMPOSED_NORMALIZED_OR_MERGED,,PROVENANCE_CANDIDATE_ONLY
C184,fiction and nonfiction,“real/imaginary” and “about”,"[""W-LIT-003""]","[""P-REAL-001""]","[""L212"",""L213""]",ACTIVE_COMPILED,DECOMPOSED_NORMALIZED_OR_MERGED,,PROVENANCE_CANDIDATE_ONLY
C185,goals and motives,purpose with “to + verb” and “so that”,"[""W-PSY-002""]","[""P-PURP-001""]","[""L183"",""L232""]",ACTIVE_COMPILED,DECOMPOSED_NORMALIZED_OR_MERGED,,PROVENANCE_CANDIDATE_ONLY
C186,"pictures, diagrams, paintings, and sculpture",representation and resemblance: “represents/looks like”,"[""W-ART-001"",""W-REP-001""]","[""P-REP-001""]","[""L027"",""L028"",""L270""]",ACTIVE_COMPILED,DECOMPOSED_NORMALIZED_OR_MERGED,,PROVENANCE_CANDIDATE_ONLY
C187,sounds and music,comparative sensory language: “louder/quieter/higher/lower”,"[""W-ART-002""]","[""P-CMP-002""]","[""L073"",""L175""]",ACTIVE_COMPILED,DECOMPOSED_NORMALIZED_OR_MERGED,,PROVENANCE_CANDIDATE_ONLY
C188,customs and traditions,non-universal generalization: “people may…” and “people often…”,"[""W-CUL-001""]","[""P-GEN-001""]","[""L114"",""L176""]",ACTIVE_COMPILED,DECOMPOSED_NORMALIZED_OR_MERGED,,PROVENANCE_CANDIDATE_ONLY
C189,different languages and writing systems,"metalinguistic frame “In language X, Y means…”","[""W-CUL-002""]","[""P-META-001""]","[""L177"",""L271""]",ACTIVE_COMPILED,DECOMPOSED_NORMALIZED_OR_MERGED,,PROVENANCE_CANDIDATE_ONLY
C190,"religions, beliefs, and worldviews",viewpoint attribution: “some people believe that…; others…”,"[""W-CUL-003""]","[""P-BELIEF-001"",""P-QNT-004""]","[""L105"",""L214"",""L215""]",ACTIVE_COMPILED,DECOMPOSED_NORMALIZED_OR_MERGED,,PROVENANCE_CANDIDATE_ONLY
C191,"holidays, ceremonies, birthdays, and other celebrations","wishes and congratulatory formulas: “Happy…,” “I hope…,” “Congratulations on…”","[""W-CUL-004""]","[""P-SOC-007""]","[""L178"",""L179""]",ACTIVE_COMPILED,DECOMPOSED_NORMALIZED_OR_MERGED,,PROVENANCE_CANDIDATE_ONLY
C192,"speaking to friends, strangers, coworkers, and officials",formal versus informal register,"[""W-REG-001""]","[""P-REG-001""]","[""L216"",""L217""]",ACTIVE_COMPILED,DECOMPOSED_NORMALIZED_OR_MERGED,,PROVENANCE_CANDIDATE_ONLY
C193,fact and opinion,epistemic contrast “I know…” versus “I think…”,"[""W-EPI-001"",""W-EPI-002"",""W-EPI-006""]","[""P-EPI-001""]","[""L180"",""L184"",""L218"",""L272""]",ACTIVE_COMPILED,DECOMPOSED_NORMALIZED_OR_MERGED,,PROVENANCE_CANDIDATE_ONLY
C194,observation and inference,“I observe X; therefore/I infer Y”,"[""W-EPI-004""]","[""P-EPI-003""]","[""L224"",""L273""]",ACTIVE_COMPILED,DECOMPOSED_NORMALIZED_OR_MERGED,,PROVENANCE_CANDIDATE_ONLY
C195,claims and evidence,evidential explanation “X because Y” / “evidence that…”,"[""W-EPI-004"",""W-EPI-007""]","[""P-EVID-001""]","[""L224"",""L276"",""L277""]",ACTIVE_COMPILED,DECOMPOSED_NORMALIZED_OR_MERGED,,PROVENANCE_CANDIDATE_ONLY
C196,uncertain predictions,“may/might/could/probably”,"[""W-EPI-008""]","[""P-MOD-004""]","[""L262"",""L278""]",ACTIVE_COMPILED,DECOMPOSED_NORMALIZED_OR_MERGED,,PROVENANCE_CANDIDATE_ONLY
C197,definitions in reference materials,“means/refers to”,"[""W-EPI-009""]","[""P-DEF-001""]","[""L236"",""L279""]",ACTIVE_COMPILED,DECOMPOSED_NORMALIZED_OR_MERGED,,PROVENANCE_CANDIDATE_ONLY
C198,classification systems,“belongs to/is a kind of”,"[""W-EPI-010""]","[""P-CLASS-001""]","[""L096"",""L280""]",ACTIVE_COMPILED,DECOMPOSED_NORMALIZED_OR_MERGED,,PROVENANCE_CANDIDATE_ONLY
C199,objects made of components,“contains/consists of/is part of”,"[""W-SYS-001""]","[""P-PART-001"",""P-SYS-001""]","[""L112"",""L121"",""L127""]",ACTIVE_COMPILED,DECOMPOSED_NORMALIZED_OR_MERGED,,PROVENANCE_CANDIDATE_ONLY
C200,similarities and differences among categories,“the same as/different from”,"[""W-EPI-011""]","[""P-SIM-001""]","[""L244"",""L281""]",ACTIVE_COMPILED,DECOMPOSED_NORMALIZED_OR_MERGED,,PROVENANCE_CANDIDATE_ONLY
C201,"repairing, repeating, and reversing actions","common prefixes “re-,” “un-,” and “pre-”",[],"[""P-MORPH-001""]","[""L283""]",ACTIVE_COMPILED,REUSABLE_POINT_OR_TRANSFER,,PROVENANCE_CANDIDATE_ONLY
C202,properties and occupational roles,"common suffixes such as “-er,” “-ful,” and “-less”",[],"[""P-MORPH-001""]","[""L283""]",ACTIVE_COMPILED,REUSABLE_POINT_OR_TRANSFER,,PROVENANCE_CANDIDATE_ONLY
C203,compound names in geography and technology,interpreting compound words from their components,[],"[""P-MORPH-001""]","[""L283""]",ACTIVE_COMPILED,REUSABLE_POINT_OR_TRANSFER,,PROVENANCE_CANDIDATE_ONLY
C204,scientific and technical vocabulary,"high-value Greek/Latin roots such as “bio-,” “geo-,” “tele-,” and “photo-”",[],"[""P-MORPH-001""]","[""L283""]",ACTIVE_COMPILED,REUSABLE_POINT_OR_TRANSFER,,PROVENANCE_CANDIDATE_ONLY
C205,motion and emotional intensity,synonyms and shades of meaning,[],"[""P-LEX-001""]","[""L284""]",ACTIVE_COMPILED,REUSABLE_POINT_OR_TRANSFER,,PROVENANCE_CANDIDATE_ONLY
C206,physical-property continua,antonyms and opposites,[],"[""P-LEX-001""]","[""L284""]",ACTIVE_COMPILED,REUSABLE_POINT_OR_TRANSFER,,PROVENANCE_CANDIDATE_ONLY
C207,"“mouse,” “key,” “bank,” “current,” and other cross-domain words",multiple meanings selected by context,[],"[""P-LEX-001""]","[""L284""]",ACTIVE_COMPILED,REUSABLE_POINT_OR_TRANSFER,,PROVENANCE_CANDIDATE_ONLY
C208,ordinary idiomatic descriptions,literal versus nonliteral meaning,[],"[""P-FIG-001""]","[""L285""]",ACTIVE_COMPILED,REUSABLE_POINT_OR_TRANSFER,,PROVENANCE_CANDIDATE_ONLY
C209,"describing nature, people, and machines vividly",simile and metaphor,[],"[""P-FIG-001""]","[""L285""]",ACTIVE_COMPILED,REUSABLE_POINT_OR_TRANSFER,,PROVENANCE_CANDIDATE_ONLY
C210,scenes with several people and objects,clear pronoun antecedents,[],"[""P-PRON-002""]","[""L287""]",ACTIVE_COMPILED,REUSABLE_POINT_OR_TRANSFER,,PROVENANCE_CANDIDATE_ONLY
C211,"defining organisms, tools, places, and jobs",relative clauses with “who/which/that”,[],"[""P-RELCL-001""]","[""L241""]",ACTIVE_COMPILED,REUSABLE_POINT_OR_TRANSFER,,PROVENANCE_CANDIDATE_ONLY
C212,ongoing projects and completed work,present perfect “has/have + past participle”,[],"[""P-CHANGE-002"",""P-PERF-001""]","[""L155"",""L219""]",ACTIVE_COMPILED,DECOMPOSED_NORMALIZED_OR_MERGED,,PROVENANCE_CANDIDATE_ONLY
C213,two features shared by one thing,“both…and”,[],"[""P-SIM-001""]","[""L244""]",ACTIVE_COMPILED,REUSABLE_POINT_OR_TRANSFER,,PROVENANCE_CANDIDATE_ONLY
C214,choosing one of two possibilities,“either…or”,[],"[""P-CHOICE-001""]","[""L198""]",ACTIVE_COMPILED,REUSABLE_POINT_OR_TRANSFER,,PROVENANCE_CANDIDATE_ONLY
C215,excluding two possibilities,“neither…nor”,[],"[""P-CHOICE-001""]","[""L198""]",ACTIVE_COMPILED,REUSABLE_POINT_OR_TRANSFER,,PROVENANCE_CANDIDATE_ONLY
C216,activities treated as concepts,"gerunds as nouns: “reading helps…,” “heating causes…”",[],"[""P-GER-001""]","[""L220""]",ACTIVE_COMPILED,REUSABLE_POINT_OR_TRANSFER,,PROVENANCE_CANDIDATE_ONLY
C217,"tools, goals, and designed functions","infinitives expressing purpose: “to measure,” “to communicate”",[],"[""P-PURP-001""]","[""L232""]",ACTIVE_COMPILED,REUSABLE_POINT_OR_TRANSFER,,PROVENANCE_CANDIDATE_ONLY
C218,objects undergoing processes,"participles as modifiers: “flowing water,” “broken glass,” “stored data”",[],"[""P-PARTIC-001""]","[""L221""]",ACTIVE_COMPILED,REUSABLE_POINT_OR_TRANSFER,,PROVENANCE_CANDIDATE_ONLY
C219,events completed before other events,past perfect: “had + past participle”,[],"[""P-PERF-001""]","[""L219""]",ACTIVE_COMPILED,REUSABLE_POINT_OR_TRANSFER,,PROVENANCE_CANDIDATE_ONLY
C220,"manufacturing, food chains, and scientific processes",active versus passive voice,[],"[""P-PASS-001""]","[""L116""]",ACTIVE_COMPILED,REUSABLE_POINT_OR_TRANSFER,,PROVENANCE_CANDIDATE_ONLY
C221,sentences containing several possible referents,avoiding vague pronouns by repeating or clarifying the antecedent,[],"[""P-PRON-002""]","[""L287""]",ACTIVE_COMPILED,REUSABLE_POINT_OR_TRANSFER,,PROVENANCE_CANDIDATE_ONLY
C222,explaining related facts in one statement,simple versus compound versus complex sentences,[],"[""P-SENT-001""]","[""L288""]",ACTIVE_COMPILED,REUSABLE_POINT_OR_TRANSFER,,PROVENANCE_CANDIDATE_ONLY
C223,hypothetical engineering and planning situations,"counterfactual conditional “if…were…, would…”",[],"[""P-CF-001""]","[""L289""]",ACTIVE_COMPILED,REUSABLE_POINT_OR_TRANSFER,,PROVENANCE_CANDIDATE_ONLY
C224,exceptions to a general rule,“unless”,[],"[""P-ALT-001""]","[""L118""]",ACTIVE_COMPILED,REUSABLE_POINT_OR_TRANSFER,,PROVENANCE_CANDIDATE_ONLY
C225,two facts that remain true despite conflict,“although/even though”,[],"[""P-CONTR-001""]","[""L245""]",ACTIVE_COMPILED,REUSABLE_POINT_OR_TRANSFER,,PROVENANCE_CANDIDATE_ONLY
C226,contrasting two explanations or observations,sentence connector “however”,[],"[""P-ACA-001"",""P-CONTR-001""]","[""L245"",""L290""]",ACTIVE_COMPILED,DECOMPOSED_NORMALIZED_OR_MERGED,,PROVENANCE_CANDIDATE_ONLY
C227,drawing a conclusion from prior facts,sentence connector “therefore”,[],"[""P-ACA-001""]","[""L290""]",ACTIVE_COMPILED,REUSABLE_POINT_OR_TRANSFER,,PROVENANCE_CANDIDATE_ONLY
C228,adding another supporting fact,“moreover/in addition”,[],"[""P-ACA-001""]","[""L290""]",ACTIVE_COMPILED,REUSABLE_POINT_OR_TRANSFER,,PROVENANCE_CANDIDATE_ONLY
C229,trends involving two changing quantities,"“the more…, the more…” and “the less…, the less…”",[],"[""P-CORREL-001""]","[""L258""]",ACTIVE_COMPILED,REUSABLE_POINT_OR_TRANSFER,,PROVENANCE_CANDIDATE_ONLY
C230,proportional change in ordinary systems,"“as X increases/decreases, Y…”",[],"[""P-CORREL-001""]","[""L258""]",ACTIVE_COMPILED,REUSABLE_POINT_OR_TRANSFER,,PROVENANCE_CANDIDATE_ONLY
C231,causes with multiple contributing factors,“because of/due to” + noun phrase,[],"[""P-CAU-004""]","[""L194""]",ACTIVE_COMPILED,REUSABLE_POINT_OR_TRANSFER,,PROVENANCE_CANDIDATE_ONLY
C232,consequences in systems,“leads to/results in”,[],"[""P-CAU-003"",""P-CAU-004""]","[""L192"",""L194""]",ACTIVE_COMPILED,DECOMPOSED_NORMALIZED_OR_MERGED,,PROVENANCE_CANDIDATE_ONLY
C233,comparing two explanations,“whereas”,[],"[""P-ACA-001"",""P-CONTR-001""]","[""L245"",""L290""]",ACTIVE_COMPILED,DECOMPOSED_NORMALIZED_OR_MERGED,,PROVENANCE_CANDIDATE_ONLY
C234,alternative classifications,“not X but Y”,[],"[""P-ALT-001""]","[""L118""]",ACTIVE_COMPILED,REUSABLE_POINT_OR_TRANSFER,,PROVENANCE_CANDIDATE_ONLY
C235,ranges and approximate quantities,“about/approximately/between…and…”,[],"[""P-APPROX-001""]","[""L222""]",ACTIVE_COMPILED,REUSABLE_POINT_OR_TRANSFER,,PROVENANCE_CANDIDATE_ONLY
C236,statements that are generally but not universally true,hedging with “usually/generally/often/tends to”,[],"[""P-CERTAINTY-001"",""P-GEN-001""]","[""L114"",""L291""]",ACTIVE_COMPILED,DECOMPOSED_NORMALIZED_OR_MERGED,,PROVENANCE_CANDIDATE_ONLY
C237,confidence in an explanation,certainty scale “certainly/probably/possibly”,[],"[""P-CERTAINTY-001""]","[""L291""]",ACTIVE_COMPILED,REUSABLE_POINT_OR_TRANSFER,,PROVENANCE_CANDIDATE_ONLY
C238,evidence from different sources,"“according to,” “based on,” and “supported by” as source/evidence relations","[""W-EPI-003"",""W-EPI-007""]","[""P-SRC-001""]","[""L199"",""L274"",""L276""]",ACTIVE_COMPILED,DECOMPOSED_NORMALIZED_OR_MERGED,,PROVENANCE_CANDIDATE_ONLY
C239,correcting or refining an earlier statement,“more precisely/in other words”,"[""W-EPI-002""]","[""P-EPI-002"",""P-REFINE-001""]","[""L218"",""L223"",""L293""]",ACTIVE_COMPILED,DECOMPOSED_NORMALIZED_OR_MERGED,,PROVENANCE_CANDIDATE_ONLY
C240,summarizing a process or explanation,“overall/in summary”,[],"[""P-SUM-001""]","[""L294""]",ACTIVE_COMPILED,REUSABLE_POINT_OR_TRANSFER,,PROVENANCE_CANDIDATE_ONLY
