world_id,teaching_claim,domain,world_prerequisites,point_prerequisites,grounding_modes,provenance,status,frontier_lexeme_bundle_id,acquisition_lesson_id,required_established_lexeme_bundle_ids,frontier_lexemes
W-ART-001,"Pictures, diagrams, paintings, and sculpture are different representational/art forms.",arts,"[""W-REP-001"",""W-REP-002"",""W-REP-003"",""W-REP-004""]","[""P-ID-001"",""P-DET-002"",""P-PRON-001""]","[""COMPARISON""]","[""C186""]",ACTIVE,LEX-W-ART-001,L270,"[""LEX-W-REP-001"",""LEX-W-REP-002"",""LEX-W-REP-003"",""LEX-W-REP-004"",""LEX-P-ID-001"",""LEX-P-DET-002"",""LEX-P-PRON-001""]","[""pictures"",""diagrams"",""paintings"",""sculpture"",""representational"",""art"",""forms""]"
W-ART-002,Music/sound can be described using relative perceptual properties.,arts,"[""W-PHY-007""]","[""P-ID-001"",""P-DET-002"",""P-PRON-001""]","[""COMPARISON""]","[""C187""]",ACTIVE,LEX-W-ART-002,L175,"[""LEX-W-PHY-007"",""LEX-P-ID-001"",""LEX-P-DET-002"",""LEX-P-PRON-001""]","[""music"",""sound"",""described"",""using"",""relative"",""perceptual"",""properties""]"
W-AST-001,Earth's day/night cycle and the observable daytime/nighttime sky are related but not identical concepts.,astronomy,"[""W-TIME-003""]","[""P-ID-001"",""P-DET-002"",""P-PRON-001"",""P-TNS-002""]","[""DIAGRAM"",""SEQUENCE""]","[""C135"",""C136""]",ACTIVE,LEX-W-AST-001,L137,"[""LEX-W-TIME-003"",""LEX-P-ID-001"",""LEX-P-DET-002"",""LEX-P-PRON-001"",""LEX-P-TNS-002""]","[""earth's"",""day"",""night"",""cycle"",""observable"",""daytime"",""nighttime"",""sky""]"
W-AST-002,Apparent solar position and shadow change form an observable correlated pattern.,astronomy,"[""W-PHY-005"",""W-PHY-006"",""W-AST-001""]","[""P-ID-001"",""P-DET-002"",""P-PRON-001"",""P-TNS-002""]","[""SEQUENCE"",""DIAGRAM""]","[""C137""]",ACTIVE,LEX-W-AST-002,L257,"[""LEX-W-PHY-005"",""LEX-W-PHY-006"",""LEX-W-AST-001"",""LEX-P-ID-001"",""LEX-P-DET-002"",""LEX-P-PRON-001"",""LEX-P-TNS-002""]","[""apparent"",""solar"",""position"",""shadow"",""change"",""form"",""observable"",""correlated""]"
W-AST-003,The Moon's visible appearance changes in a recurring pattern over time.,astronomy,"[""W-AST-001"",""W-TIME-002""]","[""P-ID-001"",""P-DET-002"",""P-PRON-001"",""P-TNS-002""]","[""SEQUENCE""]","[""C138""]",ACTIVE,LEX-W-AST-003,L138,"[""LEX-W-AST-001"",""LEX-W-TIME-002"",""LEX-P-ID-001"",""LEX-P-DET-002"",""LEX-P-PRON-001"",""LEX-P-TNS-002""]","[""moon's"",""visible"",""appearance"",""changes"",""recurring"",""pattern"",""time""]"
W-AST-004,Planets orbit; orbiting is a spatial motion relation.,astronomy,"[""W-PHY-001"",""W-GEO-001""]","[""P-ID-001"",""P-DET-002"",""P-PRON-001"",""P-TNS-002""]","[""DIAGRAM""]","[""C139""]",ACTIVE,LEX-W-AST-004,L139,"[""LEX-W-PHY-001"",""LEX-W-GEO-001"",""LEX-P-ID-001"",""LEX-P-DET-002"",""LEX-P-PRON-001"",""LEX-P-TNS-002""]","[""planets"",""orbit"",""orbiting"",""spatial"",""motion""]"
W-AST-005,The solar system contains the Sun and orbiting bodies; member and system are distinct.,astronomy,"[""W-AST-004""]","[""P-ID-001"",""P-DET-002"",""P-PRON-001"",""P-TNS-002""]","[""DIAGRAM""]","[""C140""]",ACTIVE,LEX-W-AST-005,L140,"[""LEX-W-AST-004"",""LEX-P-ID-001"",""LEX-P-DET-002"",""LEX-P-PRON-001"",""LEX-P-TNS-002""]","[""solar"",""system"",""contains"",""sun"",""orbiting"",""bodies"",""member""]"
W-BIO-001,Living and nonliving entities are distinguished using biological properties rather than motion alone.,biology,"[""W-ONT-001"",""W-OBJ-001""]","[""P-ID-001"",""P-DET-002"",""P-PRON-001"",""P-TNS-002""]","[""COMPARISON""]","[""C104""]",ACTIVE,LEX-W-BIO-001,L119,"[""LEX-W-ONT-001"",""LEX-W-OBJ-001"",""LEX-P-ID-001"",""LEX-P-DET-002"",""LEX-P-PRON-001"",""LEX-P-TNS-002""]","[""living"",""nonliving"",""entities"",""distinguished"",""using"",""biological"",""properties"",""rather""]"
W-BIO-002,"Plants have differentiated structures: roots, stems, leaves, flowers/seeds where applicable.",biology,"[""W-BIO-001""]","[""P-ID-001"",""P-DET-002"",""P-PRON-001"",""P-TNS-002""]","[""DIAGRAM""]","[""C105""]",ACTIVE,LEX-W-BIO-002,L124,"[""LEX-W-BIO-001"",""LEX-P-ID-001"",""LEX-P-DET-002"",""LEX-P-PRON-001"",""LEX-P-TNS-002""]","[""plants"",""have"",""differentiated"",""structures"",""roots"",""stems"",""leaves"",""flowers""]"
W-BIO-003,Plants require resources and pass through growth stages.,biology,"[""W-BIO-002"",""W-TIME-002""]","[""P-ID-001"",""P-DET-002"",""P-PRON-001"",""P-TNS-002""]","[""SEQUENCE"",""DIAGRAM""]","[""C106"",""C107""]",ACTIVE,LEX-W-BIO-003,L125,"[""LEX-W-BIO-002"",""LEX-W-TIME-002"",""LEX-P-ID-001"",""LEX-P-DET-002"",""LEX-P-PRON-001"",""LEX-P-TNS-002""]","[""plants"",""require"",""resources"",""pass"",""growth"",""stages""]"
W-BIO-004,Animals can be classified into nested groups using shared features.,biology/classification,"[""W-BIO-001"",""W-EPI-004""]","[""P-ID-001"",""P-DET-002"",""P-PRON-001"",""P-TNS-002""]","[""COMPARISON"",""DIAGRAM""]","[""C108""]",ACTIVE,LEX-W-BIO-004,L235,"[""LEX-W-BIO-001"",""LEX-W-EPI-004"",""LEX-P-ID-001"",""LEX-P-DET-002"",""LEX-P-PRON-001"",""LEX-P-TNS-002""]","[""animals"",""classified"",""nested"",""groups"",""using"",""shared"",""features""]"
W-BIO-005,"Animal structures such as fur, feathers, scales, shells, wings, and fins relate to morphology; movement types are distinct actions.",biology,"[""W-BIO-004""]","[""P-ID-001"",""P-DET-002"",""P-PRON-001"",""P-TNS-002""]","[""COMPARISON"",""SCENE""]","[""C109"",""C110""]",ACTIVE,LEX-W-BIO-005,L237,"[""LEX-W-BIO-004"",""LEX-P-ID-001"",""LEX-P-DET-002"",""LEX-P-PRON-001"",""LEX-P-TNS-002""]","[""animal"",""structures"",""fur"",""feathers"",""scales"",""shells"",""wings"",""fins""]"
W-BIO-006,Habitats are environments in which organisms live; habitat is not synonymous with organism.,ecology,"[""W-GEO-002"",""W-GEO-003"",""W-BIO-001""]","[""P-ID-001"",""P-DET-002"",""P-PRON-001"",""P-PART-001""]","[""SCENE"",""DIAGRAM""]","[""C111""]",ACTIVE,LEX-W-BIO-006,L132,"[""LEX-W-GEO-002"",""LEX-W-GEO-003"",""LEX-W-BIO-001"",""LEX-P-ID-001"",""LEX-P-DET-002"",""LEX-P-PRON-001"",""LEX-P-PART-001""]","[""habitats"",""environments"",""which"",""organisms"",""live"",""habitat"",""synonymous"",""organism""]"
W-BIO-007,Structures can contribute to functions important for survival.,biology,"[""W-BIO-005"",""W-BIO-006""]","[""P-ID-001"",""P-DET-002"",""P-PRON-001"",""P-TNS-002""]","[""COMPARISON"",""DIAGRAM""]","[""C112""]",ACTIVE,LEX-W-BIO-007,L238,"[""LEX-W-BIO-005"",""LEX-W-BIO-006"",""LEX-P-ID-001"",""LEX-P-DET-002"",""LEX-P-PRON-001"",""LEX-P-TNS-002""]","[""structures"",""contribute"",""functions"",""important"",""survival""]"
W-BIO-008,Diet categories concern what organisms eat; feeding relations can form food chains.,ecology,"[""W-BIO-004"",""W-BIO-005"",""W-BIO-006""]","[""P-ID-001"",""P-DET-002"",""P-PRON-001"",""P-PART-001""]","[""DIAGRAM""]","[""C113"",""C114""]",ACTIVE,LEX-W-BIO-008,L239,"[""LEX-W-BIO-004"",""LEX-W-BIO-005"",""LEX-W-BIO-006"",""LEX-P-ID-001"",""LEX-P-DET-002"",""LEX-P-PRON-001"",""LEX-P-PART-001""]","[""diet"",""categories"",""concern"",""organisms"",""eat"",""feeding"",""form"",""food""]"
W-BIO-009,"Predator and prey describe an ecological interaction, not permanent moral categories.",ecology,"[""W-BIO-008""]","[""P-ID-001"",""P-DET-002"",""P-PRON-001"",""P-PART-001""]","[""DIAGRAM"",""SCENE""]","[""C115""]",ACTIVE,LEX-W-BIO-009,L240,"[""LEX-W-BIO-008"",""LEX-P-ID-001"",""LEX-P-DET-002"",""LEX-P-PRON-001"",""LEX-P-PART-001""]","[""predator"",""prey"",""describe"",""ecological"",""interaction"",""permanent"",""moral"",""categories""]"
W-BIO-010,Animal life cycles include development and reproduction; parent and offspring are distinct individuals.,biology,"[""W-TIME-002"",""W-BIO-004""]","[""P-ID-001"",""P-DET-002"",""P-PRON-001"",""P-TNS-002""]","[""SEQUENCE""]","[""C116"",""C117""]",ACTIVE,LEX-W-BIO-010,L242,"[""LEX-W-TIME-002"",""LEX-W-BIO-004"",""LEX-P-ID-001"",""LEX-P-DET-002"",""LEX-P-PRON-001"",""LEX-P-TNS-002""]","[""animal"",""life"",""cycles"",""include"",""development"",""reproduction"",""parent"",""offspring""]"
W-BIO-011,Offspring can resemble parents while varying from them and from one another.,heredity,"[""W-BIO-010""]","[""P-ID-001"",""P-DET-002"",""P-PRON-001""]","[""COMPARISON""]","[""C117"",""C118"",""C119""]",ACTIVE,LEX-W-BIO-011,L243,"[""LEX-W-BIO-010"",""LEX-P-ID-001"",""LEX-P-DET-002"",""LEX-P-PRON-001""]","[""offspring"",""resemble"",""parents"",""varying"",""them"",""another""]"
W-BIO-012,Organisms in ecosystems can depend on and affect other organisms and environmental resources.,ecology,"[""W-BIO-006"",""W-BIO-008""]","[""P-ID-001"",""P-DET-002"",""P-PRON-001"",""P-PART-001""]","[""DIAGRAM""]","[""C120""]",ACTIVE,LEX-W-BIO-012,L246,"[""LEX-W-BIO-006"",""LEX-W-BIO-008"",""LEX-P-ID-001"",""LEX-P-DET-002"",""LEX-P-PRON-001"",""LEX-P-PART-001""]","[""organisms"",""ecosystems"",""depend"",""affect"",""other"",""environmental"",""resources""]"
W-BIO-013,"Pollination and seed dispersal are transfer processes that may involve wind, animals, or other mechanisms.",biology,"[""W-BIO-002"",""W-BIO-003""]","[""P-ID-001"",""P-DET-002"",""P-PRON-001"",""P-TNS-002""]","[""SEQUENCE"",""DIAGRAM""]","[""C121""]",ACTIVE,LEX-W-BIO-013,L126,"[""LEX-W-BIO-002"",""LEX-W-BIO-003"",""LEX-P-ID-001"",""LEX-P-DET-002"",""LEX-P-PRON-001"",""LEX-P-TNS-002""]","[""pollination"",""seed"",""dispersal"",""transfer"",""processes"",""involve"",""wind"",""animals""]"
W-BIO-014,Decomposers contribute to breakdown of dead organic material.,ecology,"[""W-BIO-001"",""W-BIO-012""]","[""P-ID-001"",""P-DET-002"",""P-PRON-001"",""P-PART-001""]","[""DIAGRAM""]","[""C122""]",ACTIVE,LEX-W-BIO-014,L248,"[""LEX-W-BIO-001"",""LEX-W-BIO-012"",""LEX-P-ID-001"",""LEX-P-DET-002"",""LEX-P-PRON-001"",""LEX-P-PART-001""]","[""decomposers"",""contribute"",""breakdown"",""dead"",""organic"",""material""]"
W-BODY-001,A human body has major external parts organized by part–whole relations.,biology,"[""W-BIO-001""]","[""P-ID-001"",""P-DET-002"",""P-PRON-001"",""P-TNS-002""]","[""DIAGRAM""]","[""C042""]",ACTIVE,LEX-W-BODY-001,L120,"[""LEX-W-BIO-001"",""LEX-P-ID-001"",""LEX-P-DET-002"",""LEX-P-PRON-001"",""LEX-P-TNS-002""]","[""human"",""body"",""has"",""major"",""external"",""parts"",""organized"",""part""]"
W-BODY-002,"Sensory systems provide information through vision, hearing, smell, taste, and touch.",biology,"[""W-BODY-001"",""W-EPI-004""]","[""P-ID-001"",""P-DET-002"",""P-PRON-001"",""P-TNS-002""]","[""DIAGRAM""]","[""C043""]",ACTIVE,LEX-W-BODY-002,L225,"[""LEX-W-BODY-001"",""LEX-W-EPI-004"",""LEX-P-ID-001"",""LEX-P-DET-002"",""LEX-P-PRON-001"",""LEX-P-TNS-002""]","[""sensory"",""systems"",""provide"",""information"",""vision"",""hearing"",""smell"",""taste""]"
W-BODY-003,Emotions/internal states and externally observable behavior are related but not identical.,psychology,"[""W-EPI-001""]","[""P-ID-001"",""P-DET-002"",""P-PRON-001"",""P-TNS-002""]","[""DIALOGUE"",""COMPARISON""]","[""C044""]",ACTIVE,LEX-W-BODY-003,L181,"[""LEX-W-EPI-001"",""LEX-P-ID-001"",""LEX-P-DET-002"",""LEX-P-PRON-001"",""LEX-P-TNS-002""]","[""emotions"",""internal"",""states"",""externally"",""observable"",""behavior"",""related"",""but""]"
W-BODY-004,Symptoms are experienced/reported states that can motivate health-related action without themselves uniquely determining a diagnosis.,health,"[""W-BODY-001"",""W-BODY-002"",""W-BODY-003""]","[""P-ID-001"",""P-DET-002"",""P-PRON-001"",""P-TNS-002""]","[""DIALOGUE""]","[""C045"",""C046""]",ACTIVE,LEX-W-BODY-004,L227,"[""LEX-W-BODY-001"",""LEX-W-BODY-002"",""LEX-W-BODY-003"",""LEX-P-ID-001"",""LEX-P-DET-002"",""LEX-P-PRON-001"",""LEX-P-TNS-002""]","[""symptoms"",""experienced"",""reported"",""states"",""motivate"",""health-related"",""action"",""without""]"
W-BODY-005,Body systems are decomposed into interacting subsystems rather than taught as one C123 mega-lesson.,biology,"[""W-BODY-001"",""W-BODY-002""]","[""P-ID-001"",""P-DET-002"",""P-PRON-001"",""P-TNS-002""]","[""DIAGRAM""]","[""C123""]",ACTIVE,LEX-W-BODY-005,L250,"[""LEX-W-BODY-001"",""LEX-W-BODY-002"",""LEX-P-ID-001"",""LEX-P-DET-002"",""LEX-P-PRON-001"",""LEX-P-TNS-002""]","[""body"",""systems"",""decomposed"",""interacting"",""subsystems"",""rather"",""taught"",""c""]"
W-BODY-006,Support/movement and breathing are distinct body functions with interacting structures.,biology,"[""W-BODY-005""]","[""P-ID-001"",""P-DET-002"",""P-PRON-001"",""P-TNS-002""]","[""DIAGRAM""]","[""C123""]",ACTIVE,LEX-W-BODY-006,L251,"[""LEX-W-BODY-005"",""LEX-P-ID-001"",""LEX-P-DET-002"",""LEX-P-PRON-001"",""LEX-P-TNS-002""]","[""support"",""movement"",""breathing"",""body"",""functions"",""interacting"",""structures""]"
W-BODY-007,Circulation transports materials through the body.,biology,"[""W-BODY-005""]","[""P-ID-001"",""P-DET-002"",""P-PRON-001"",""P-TNS-002""]","[""DIAGRAM"",""SEQUENCE""]","[""C124""]",ACTIVE,LEX-W-BODY-007,L252,"[""LEX-W-BODY-005"",""LEX-P-ID-001"",""LEX-P-DET-002"",""LEX-P-PRON-001"",""LEX-P-TNS-002""]","[""circulation"",""transports"",""materials"",""body""]"
W-BODY-008,Digestion transforms and moves food through an ordered process.,biology,"[""W-BODY-005""]","[""P-ID-001"",""P-DET-002"",""P-PRON-001"",""P-TNS-002""]","[""DIAGRAM"",""SEQUENCE""]","[""C125""]",ACTIVE,LEX-W-BODY-008,L253,"[""LEX-W-BODY-005"",""LEX-P-ID-001"",""LEX-P-DET-002"",""LEX-P-PRON-001"",""LEX-P-TNS-002""]","[""digestion"",""transforms"",""moves"",""food"",""ordered"",""process""]"
W-BODY-009,Brain/nerves participate in receiving and coordinating information.,biology,"[""W-BODY-002"",""W-BODY-005""]","[""P-ID-001"",""P-DET-002"",""P-PRON-001"",""P-TNS-002""]","[""DIAGRAM""]","[""C126""]",ACTIVE,LEX-W-BODY-009,L254,"[""LEX-W-BODY-002"",""LEX-W-BODY-005"",""LEX-P-ID-001"",""LEX-P-DET-002"",""LEX-P-PRON-001"",""LEX-P-TNS-002""]","[""brain"",""nerves"",""participate"",""receiving"",""coordinating"",""information""]"
W-BODY-010,Germs can contribute to illness; prevention reduces risk but does not imply certainty.,health,"[""W-BODY-004"",""W-EPI-001""]","[""P-ID-001"",""P-DET-002"",""P-PRON-001"",""P-TNS-002""]","[""DIAGRAM"",""COMPARISON""]","[""C127""]",ACTIVE,LEX-W-BODY-010,L255,"[""LEX-W-BODY-004"",""LEX-W-EPI-001"",""LEX-P-ID-001"",""LEX-P-DET-002"",""LEX-P-PRON-001"",""LEX-P-TNS-002""]","[""germs"",""contribute"",""illness"",""prevention"",""reduces"",""risk"",""but"",""does""]"
W-CHR-001,"Persistent named agents. A name can continue to refer to the same individual across lessons; L000 establishes Ninereeds, Taro, Emma, Bob, Errol and their acquaintance with Ninereeds.",ontology/social,[],[],"[""DIALOGUE"",""SYMBOLIC""]","[""C001"",""C002"",""SYN""]",ACTIVE,LEX-W-CHR-001,L000,[],"[""Ninereeds"",""Taro"",""Emma"",""Bob"",""Errol"",""name"",""same individual""]"
W-CIV-001,"Rules, laws, advice, permission, prohibition, rights, and responsibilities are distinct normative relations.",civics,"[""W-SOC-007""]","[""P-ID-001"",""P-DET-002"",""P-PRON-001"",""P-TNS-002""]","[""COMPARISON"",""ABSTRACT""]","[""C047"",""C048"",""C049"",""C148"",""C152""]",ACTIVE,LEX-W-CIV-001,L189,"[""LEX-W-SOC-007"",""LEX-P-ID-001"",""LEX-P-DET-002"",""LEX-P-PRON-001"",""LEX-P-TNS-002""]","[""rules"",""laws"",""advice"",""permission"",""prohibition"",""rights"",""responsibilities"",""normative""]"
W-CIV-002,Governments/leaders perform responsibilities and collective functions; details vary by polity.,civics,"[""W-CIV-001""]","[""P-ID-001"",""P-DET-002"",""P-PRON-001"",""P-TNS-002""]","[""DIAGRAM"",""ABSTRACT""]","[""C149""]",ACTIVE,LEX-W-CIV-002,L196,"[""LEX-W-CIV-001"",""LEX-P-ID-001"",""LEX-P-DET-002"",""LEX-P-PRON-001"",""LEX-P-TNS-002""]","[""governments"",""leaders"",""perform"",""responsibilities"",""collective"",""functions"",""details"",""vary""]"
W-CIV-003,Groups can make collective choices using procedures such as voting.,civics,"[""W-SOC-003"",""W-SOC-004""]","[""P-ID-001"",""P-DET-002"",""P-PRON-001"",""P-TNS-002""]","[""DIALOGUE"",""SYMBOLIC""]","[""C150"",""C151""]",ACTIVE,LEX-W-CIV-003,L197,"[""LEX-W-SOC-003"",""LEX-W-SOC-004"",""LEX-P-ID-001"",""LEX-P-DET-002"",""LEX-P-PRON-001"",""LEX-P-TNS-002""]","[""groups"",""make"",""collective"",""choices"",""using"",""procedures"",""voting""]"
W-COM-001,"Sender–message–receiver. Communication can involve a sender, transferable message, and receiver.",communication,"[""W-TEC-001""]","[""P-DET-002"",""P-PRON-001"",""P-ID-001"",""P-TNS-002""]","[""DIAGRAM"",""SEQUENCE""]","[""C164"",""C165""]",ACTIVE,LEX-W-COM-001,L029,"[""LEX-W-TEC-001"",""LEX-P-DET-002"",""LEX-P-PRON-001"",""LEX-P-ID-001"",""LEX-P-TNS-002""]","[""sender"",""message"",""receiver""]"
W-COM-002,"Communication media include phone, email, radio, and other channels; channel and message are distinct.",communication,"[""W-COM-001""]","[""P-ID-001"",""P-DET-002"",""P-PRON-001"",""P-TNS-002""]","[""COMPARISON"",""DIAGRAM""]","[""C164""]",ACTIVE,LEX-W-COM-002,L156,"[""LEX-W-COM-001"",""LEX-P-ID-001"",""LEX-P-DET-002"",""LEX-P-PRON-001"",""LEX-P-TNS-002""]","[""communication"",""media"",""include"",""phone"",""email"",""radio"",""other"",""channels""]"
W-COMP-001,Computing systems can receive inputs and produce outputs.,computing,"[""W-TEC-002""]","[""P-ID-001"",""P-DET-002"",""P-PRON-001"",""P-TNS-002""]","[""DIAGRAM""]","[""C168""]",ACTIVE,LEX-W-COMP-001,L159,"[""LEX-W-TEC-002"",""LEX-P-ID-001"",""LEX-P-DET-002"",""LEX-P-PRON-001"",""LEX-P-TNS-002""]","[""computing"",""systems"",""receive"",""inputs"",""produce"",""outputs""]"
W-COMP-002,"Files, records, and data can be stored; storage location and represented information are distinct.",computing,"[""W-REP-001"",""W-COMP-001""]","[""P-ID-001"",""P-DET-002"",""P-PRON-001"",""P-TNS-002""]","[""DIAGRAM"",""SYMBOLIC""]","[""C169""]",ACTIVE,LEX-W-COMP-002,L160,"[""LEX-W-REP-001"",""LEX-W-COMP-001"",""LEX-P-ID-001"",""LEX-P-DET-002"",""LEX-P-PRON-001"",""LEX-P-TNS-002""]","[""files"",""records"",""data"",""stored"",""storage"",""location"",""represented"",""information""]"
W-COMP-003,A network contains connected nodes and links over which information may move.,computing,"[""W-COM-001"",""W-GEO-001""]","[""P-ID-001"",""P-DET-002"",""P-PRON-001"",""P-TNS-002""]","[""DIAGRAM""]","[""C170""]",ACTIVE,LEX-W-COMP-003,L161,"[""LEX-W-COM-001"",""LEX-W-GEO-001"",""LEX-P-ID-001"",""LEX-P-DET-002"",""LEX-P-PRON-001"",""LEX-P-TNS-002""]","[""network"",""contains"",""connected"",""nodes"",""links"",""which"",""information"",""move""]"
W-COMP-004,"Paths, addresses, routing, local/distant connections, and failures are distinct network concepts.",computing,"[""W-COMP-003""]","[""P-ID-001"",""P-DET-002"",""P-PRON-001"",""P-TNS-002""]","[""DIAGRAM""]","[""C170"",""SYN""]",ACTIVE,LEX-W-COMP-004,L163,"[""LEX-W-COMP-003"",""LEX-P-ID-001"",""LEX-P-DET-002"",""LEX-P-PRON-001"",""LEX-P-TNS-002""]","[""paths"",""addresses"",""routing"",""local"",""distant"",""connections"",""failures"",""network""]"
W-COMP-005,The Internet is a networked system rather than a single device or single location.,computing,"[""W-COMP-003"",""W-COMP-004""]","[""P-ID-001"",""P-DET-002"",""P-PRON-001"",""P-TNS-002""]","[""DIAGRAM"",""ABSTRACT""]","[""C170""]",ACTIVE,LEX-W-COMP-005,L164,"[""LEX-W-COMP-003"",""LEX-W-COMP-004"",""LEX-P-ID-001"",""LEX-P-DET-002"",""LEX-P-PRON-001"",""LEX-P-TNS-002""]","[""internet"",""networked"",""system"",""rather"",""single"",""device"",""location""]"
W-COMP-006,Looking for information and successfully finding it are different events.,computing/information,"[""W-EPI-005""]","[""P-ID-001"",""P-DET-002"",""P-PRON-001"",""P-TNS-002""]","[""SYMBOLIC""]","[""C171""]",ACTIVE,LEX-W-COMP-006,L202,"[""LEX-W-EPI-005"",""LEX-P-ID-001"",""LEX-P-DET-002"",""LEX-P-PRON-001"",""LEX-P-TNS-002""]","[""looking"",""information"",""successfully"",""finding"",""it"",""events""]"
W-COMP-007,An algorithm is an ordered procedure that may include conditional branches.,computing,"[""W-EVT-002""]","[""P-ID-001"",""P-DET-002"",""P-PRON-001"",""P-TNS-002""]","[""SYMBOLIC"",""DIAGRAM""]","[""C172""]",ACTIVE,LEX-W-COMP-007,L165,"[""LEX-W-EVT-002"",""LEX-P-ID-001"",""LEX-P-DET-002"",""LEX-P-PRON-001"",""LEX-P-TNS-002""]","[""algorithm"",""ordered"",""procedure"",""include"",""conditional"",""branches""]"
W-COMP-008,Programs contain instructions interpreted/executed by computing systems.,computing,"[""W-COMP-001"",""W-COMP-007""]","[""P-ID-001"",""P-DET-002"",""P-PRON-001"",""P-TNS-002""]","[""SYMBOLIC""]","[""C173""]",ACTIVE,LEX-W-COMP-008,L166,"[""LEX-W-COMP-001"",""LEX-W-COMP-007"",""LEX-P-ID-001"",""LEX-P-DET-002"",""LEX-P-PRON-001"",""LEX-P-TNS-002""]","[""programs"",""contain"",""instructions"",""interpreted"",""executed"",""computing"",""systems""]"
W-COMP-009,Debugging is systematic diagnosis/revision after observed failure or error.,computing/engineering,"[""W-COMP-008"",""W-ENG-002"",""W-EPI-002""]","[""P-ID-001"",""P-DET-002"",""P-PRON-001"",""P-TNS-002""]","[""SEQUENCE"",""SYMBOLIC""]","[""C177""]",ACTIVE,LEX-W-COMP-009,L265,"[""LEX-W-COMP-008"",""LEX-W-ENG-002"",""LEX-W-EPI-002"",""LEX-P-ID-001"",""LEX-P-DET-002"",""LEX-P-PRON-001"",""LEX-P-TNS-002""]","[""debugging"",""systematic"",""diagnosis"",""revision"",""after"",""observed"",""failure"",""error""]"
W-COMP-010,Automation allows a system to perform assigned operations without a person manually doing every step.,computing,"[""W-COMP-007"",""W-COMP-008""]","[""P-ID-001"",""P-DET-002"",""P-PRON-001"",""P-TNS-002""]","[""DIAGRAM""]","[""C178""]",ACTIVE,LEX-W-COMP-010,L169,"[""LEX-W-COMP-007"",""LEX-W-COMP-008"",""LEX-P-ID-001"",""LEX-P-DET-002"",""LEX-P-PRON-001"",""LEX-P-TNS-002""]","[""automation"",""allows"",""system"",""perform"",""assigned"",""operations"",""without"",""person""]"
W-CUL-001,Customs and traditions vary across groups and are not universal human rules.,culture,"[""W-SOC-009""]","[""P-ID-001"",""P-DET-002"",""P-PRON-001""]","[""COMPARISON"",""DIALOGUE""]","[""C188""]",ACTIVE,LEX-W-CUL-001,L176,"[""LEX-W-SOC-009"",""LEX-P-ID-001"",""LEX-P-DET-002"",""LEX-P-PRON-001""]","[""customs"",""traditions"",""vary"",""across"",""groups"",""universal"",""human"",""rules""]"
W-CUL-002,Languages and writing systems are conventional symbolic systems and can differ.,culture/language,"[""W-REP-003""]","[""P-ID-001"",""P-DET-002"",""P-PRON-001""]","[""SYMBOLIC""]","[""C189""]",ACTIVE,LEX-W-CUL-002,L177,"[""LEX-W-REP-003"",""LEX-P-ID-001"",""LEX-P-DET-002"",""LEX-P-PRON-001""]","[""languages"",""writing"",""systems"",""conventional"",""symbolic"",""differ""]"
W-CUL-003,Beliefs/worldviews are attributed to people or traditions; differing beliefs can be represented without curricular endorsement.,culture/epistemic,"[""W-EPI-001"",""W-SOC-004""]","[""P-ID-001"",""P-DET-002"",""P-PRON-001"",""P-CAU-001""]","[""DIALOGUE"",""ABSTRACT""]","[""C190""]",ACTIVE,LEX-W-CUL-003,L214,"[""LEX-W-EPI-001"",""LEX-W-SOC-004"",""LEX-P-ID-001"",""LEX-P-DET-002"",""LEX-P-PRON-001"",""LEX-P-CAU-001""]","[""beliefs"",""worldviews"",""attributed"",""people"",""traditions"",""differing"",""represented""]"
W-CUL-004,Celebrations/ceremonies have culturally situated purposes and forms.,culture,"[""W-CUL-001""]","[""P-ID-001"",""P-DET-002"",""P-PRON-001""]","[""SCENE"",""DIALOGUE""]","[""C191""]",ACTIVE,LEX-W-CUL-004,L178,"[""LEX-W-CUL-001"",""LEX-P-ID-001"",""LEX-P-DET-002"",""LEX-P-PRON-001""]","[""celebrations"",""ceremonies"",""have"",""culturally"",""situated"",""purposes"",""forms""]"
W-DATA-001,"Tables and charts are representations of data, not the measured entities themselves.",data,"[""W-REP-001"",""W-MATH-001""]","[""P-ID-001"",""P-DET-002"",""P-PRON-001"",""P-REP-001""]","[""SYMBOLIC""]","[""C174""]",ACTIVE,LEX-W-DATA-001,L167,"[""LEX-W-REP-001"",""LEX-W-MATH-001"",""LEX-P-ID-001"",""LEX-P-DET-002"",""LEX-P-PRON-001"",""LEX-P-REP-001""]","[""tables"",""charts"",""representations"",""data"",""measured"",""entities"",""themselves""]"
W-DATA-002,Trends describe changes/relationships across data rather than individual observations.,data,"[""W-DATA-001"",""W-MATH-002""]","[""P-ID-001"",""P-DET-002"",""P-PRON-001"",""P-REP-001""]","[""SYMBOLIC""]","[""C175""]",ACTIVE,LEX-W-DATA-002,L168,"[""LEX-W-DATA-001"",""LEX-W-MATH-002"",""LEX-P-ID-001"",""LEX-P-DET-002"",""LEX-P-PRON-001"",""LEX-P-REP-001""]","[""trends"",""describe"",""changes"",""relationships"",""across"",""data"",""rather"",""individual""]"
W-EAR-001,Weather is a state of atmospheric conditions that can be described and measured.,Earth science,"[""W-MATH-009""]","[""P-ID-001"",""P-DET-002"",""P-PRON-001"",""P-TNS-002""]","[""SCENE"",""SYMBOLIC""]","[""C068"",""C096""]",ACTIVE,LEX-W-EAR-001,L076,"[""LEX-W-MATH-009"",""LEX-P-ID-001"",""LEX-P-DET-002"",""LEX-P-PRON-001"",""LEX-P-TNS-002""]","[""weather"",""state"",""atmospheric"",""conditions"",""described"",""measured""]"
W-EAR-002,"Weather patterns and seasons concern recurrence over time, not guarantees about individual days.",Earth science,"[""W-EAR-001"",""W-TIME-003""]","[""P-ID-001"",""P-DET-002"",""P-PRON-001"",""P-TNS-002""]","[""COMPARISON"",""SEQUENCE""]","[""C097"",""C098""]",ACTIVE,LEX-W-EAR-002,L113,"[""LEX-W-EAR-001"",""LEX-W-TIME-003"",""LEX-P-ID-001"",""LEX-P-DET-002"",""LEX-P-PRON-001"",""LEX-P-TNS-002""]","[""weather"",""patterns"",""seasons"",""concern"",""recurrence"",""time"",""guarantees"",""about""]"
W-EAR-003,Water-cycle processes are distinct transformations/movements that can form a cycle.,Earth science,"[""W-MAT-003"",""W-MAT-004""]","[""P-ID-001"",""P-DET-002"",""P-PRON-001"",""P-TNS-002""]","[""DIAGRAM"",""SEQUENCE""]","[""C099""]",ACTIVE,LEX-W-EAR-003,L115,"[""LEX-W-MAT-003"",""LEX-W-MAT-004"",""LEX-P-ID-001"",""LEX-P-DET-002"",""LEX-P-PRON-001"",""LEX-P-TNS-002""]","[""water-cycle"",""processes"",""transformations"",""movements"",""form"",""cycle""]"
W-EAR-004,"Natural resources have sources and uses; waste, reuse, recycling, and conservation are distinct responses.",Earth/society,"[""W-MAT-001"",""W-TEC-002""]","[""P-ID-001"",""P-DET-002"",""P-PRON-001"",""P-TNS-002""]","[""SEQUENCE"",""DIAGRAM""]","[""C102"",""C103""]",ACTIVE,LEX-W-EAR-004,L117,"[""LEX-W-MAT-001"",""LEX-W-TEC-002"",""LEX-P-ID-001"",""LEX-P-DET-002"",""LEX-P-PRON-001"",""LEX-P-TNS-002""]","[""natural"",""resources"",""have"",""sources"",""uses"",""waste"",""reuse"",""recycling""]"
W-EAR-005,"Atmosphere, water, land, and living systems interact.",Earth systems,"[""W-EAR-003"",""W-EAR-004"",""W-BIO-012""]","[""P-ID-001"",""P-DET-002"",""P-PRON-001"",""P-TNS-002""]","[""DIAGRAM""]","[""C141""]",ACTIVE,LEX-W-EAR-005,L259,"[""LEX-W-EAR-003"",""LEX-W-EAR-004"",""LEX-W-BIO-012"",""LEX-P-ID-001"",""LEX-P-DET-002"",""LEX-P-PRON-001"",""LEX-P-TNS-002""]","[""atmosphere"",""water"",""land"",""living"",""systems"",""interact""]"
W-ECO-001,Price and money quantify exchange value in a transaction.,economics/math,"[""W-MATH-001"",""W-OBJ-002""]","[""P-ID-001"",""P-DET-002"",""P-PRON-001"",""P-TNS-002""]","[""SCENE"",""SYMBOLIC""]","[""C074""]",ACTIVE,LEX-W-ECO-001,L085,"[""LEX-W-MATH-001"",""LEX-W-OBJ-002"",""LEX-P-ID-001"",""LEX-P-DET-002"",""LEX-P-PRON-001"",""LEX-P-TNS-002""]","[""price"",""money"",""quantify"",""exchange"",""value"",""transaction""]"
W-ECO-002,Sufficiency: available quantity/resources may or may not meet a requirement.,economics/math,"[""W-MATH-002"",""W-PSY-001""]","[""P-ID-001"",""P-DET-002"",""P-PRON-001"",""P-TNS-002""]","[""COMPARISON""]","[""C075"",""C158"",""C159""]",ACTIVE,LEX-W-ECO-002,L087,"[""LEX-W-MATH-002"",""LEX-W-PSY-001"",""LEX-P-ID-001"",""LEX-P-DET-002"",""LEX-P-PRON-001"",""LEX-P-TNS-002""]","[""sufficiency"",""available"",""quantity"",""resources"",""meet"",""requirement""]"
W-ECO-003,Goods and services distinguish produced/provided things from activities.,economics,"[""W-TEC-002""]","[""P-ID-001"",""P-DET-002"",""P-PRON-001"",""P-TNS-002""]","[""COMPARISON""]","[""C153""]",ACTIVE,LEX-W-ECO-003,L145,"[""LEX-W-TEC-002"",""LEX-P-ID-001"",""LEX-P-DET-002"",""LEX-P-PRON-001"",""LEX-P-TNS-002""]","[""goods"",""services"",""distinguish"",""produced"",""provided"",""things"",""activities""]"
W-ECO-004,"Jobs connect roles, workplaces, employers/organizations, and activities.",economics,"[""W-SOC-010""]","[""P-ID-001"",""P-DET-002"",""P-PRON-001"",""P-TNS-002""]","[""SCENE""]","[""C154""]",ACTIVE,LEX-W-ECO-004,L146,"[""LEX-W-SOC-010"",""LEX-P-ID-001"",""LEX-P-DET-002"",""LEX-P-PRON-001"",""LEX-P-TNS-002""]","[""jobs"",""connect"",""roles"",""workplaces"",""employers"",""organizations"",""activities""]"
W-ECO-005,"Production can occur through farms, factories, workshops, and service systems.",economics,"[""W-ECO-003"",""W-ECO-004""]","[""P-ID-001"",""P-DET-002"",""P-PRON-001"",""P-TNS-002""]","[""SEQUENCE"",""DIAGRAM""]","[""C155""]",ACTIVE,LEX-W-ECO-005,L148,"[""LEX-W-ECO-003"",""LEX-W-ECO-004"",""LEX-P-ID-001"",""LEX-P-DET-002"",""LEX-P-PRON-001"",""LEX-P-TNS-002""]","[""production"",""occur"",""farms"",""factories"",""workshops"",""service"",""systems""]"
W-ECO-006,"Supply chains connect stages of production, movement, and provision.",economics/systems,"[""W-ECO-005"",""W-GEO-001""]","[""P-ID-001"",""P-DET-002"",""P-PRON-001"",""P-TNS-002""]","[""DIAGRAM""]","[""C156""]",ACTIVE,LEX-W-ECO-006,L149,"[""LEX-W-ECO-005"",""LEX-W-GEO-001"",""LEX-P-ID-001"",""LEX-P-DET-002"",""LEX-P-PRON-001"",""LEX-P-TNS-002""]","[""supply"",""chains"",""connect"",""stages"",""production"",""movement"",""provision""]"
W-ECO-007,"Buying/selling, saving/spending, scarcity, and trade are distinct exchange/resource relations.",economics,"[""W-ECO-001"",""W-ECO-002"",""W-ECO-003""]","[""P-ID-001"",""P-DET-002"",""P-PRON-001"",""P-TNS-002""]","[""SCENE"",""SYMBOLIC""]","[""C157"",""C158"",""C159"",""C160""]",ACTIVE,LEX-W-ECO-007,L150,"[""LEX-W-ECO-001"",""LEX-W-ECO-002"",""LEX-W-ECO-003"",""LEX-P-ID-001"",""LEX-P-DET-002"",""LEX-P-PRON-001"",""LEX-P-TNS-002""]","[""buying"",""selling"",""saving"",""spending"",""scarcity"",""trade"",""exchange"",""resource""]"
W-ENG-001,Machines/systems consist of interacting parts; part failure can affect system behavior.,engineering,"[""W-TEC-002"",""W-OBJ-001""]","[""P-ID-001"",""P-DET-002"",""P-PRON-001"",""P-TNS-002""]","[""DIAGRAM""]","[""C093""]",ACTIVE,LEX-W-ENG-001,L111,"[""LEX-W-TEC-002"",""LEX-W-OBJ-001"",""LEX-P-ID-001"",""LEX-P-DET-002"",""LEX-P-PRON-001"",""LEX-P-TNS-002""]","[""machines"",""systems"",""consist"",""interacting"",""parts"",""part"",""failure"",""affect""]"
W-ENG-002,Engineering proceeds through problem/requirement → proposed solution → test → observed result → revision.,engineering,"[""W-EVT-002"",""W-EPI-004""]","[""P-ID-001"",""P-DET-002"",""P-PRON-001"",""P-TNS-002""]","[""SEQUENCE"",""DIAGRAM""]","[""C094"",""C095""]",ACTIVE,LEX-W-ENG-002,L234,"[""LEX-W-EVT-002"",""LEX-W-EPI-004"",""LEX-P-ID-001"",""LEX-P-DET-002"",""LEX-P-PRON-001"",""LEX-P-TNS-002""]","[""engineering"",""proceeds"",""problem"",""requirement"",""proposed"",""solution"",""test"",""observed""]"
W-EPI-001,"Knowledge and ignorance. An agent may know something, not know it, or ask another agent who may know.",epistemic,"[""W-CHR-001""]","[""P-TNS-002"",""P-NEG-001"",""P-Q-006"",""P-ID-001""]","[""DIALOGUE"",""COMPARISON""]","[""C193"",""V2"",""SYN""]",ACTIVE,LEX-W-EPI-001,L180,"[""LEX-W-CHR-001"",""LEX-P-TNS-002"",""LEX-P-NEG-001"",""LEX-P-Q-006"",""LEX-P-ID-001""]","[""knowledge"",""ignorance""]"
W-EPI-002,Belief correction. An earlier belief or statement can be wrong and later corrected without changing the speaker's identity.,epistemic,"[""W-EPI-001""]","[""P-EPI-001"",""P-TNS-003"",""P-TIME-001"",""P-ID-001""]","[""SEQUENCE"",""DIALOGUE""]","[""C193"",""C239"",""SYN""]",ACTIVE,LEX-W-EPI-002,L218,"[""LEX-W-EPI-001"",""LEX-P-EPI-001"",""LEX-P-TNS-003"",""LEX-P-TIME-001"",""LEX-P-ID-001""]","[""belief"",""correction""]"
W-EPI-003,Source vs content. Who supplied a statement and what the statement says are different pieces of information.,provenance,"[""W-COM-001"",""W-EPI-001""]","[""P-EPI-001"",""P-COM-001"",""P-PRON-001"",""P-ID-001""]","[""DIALOGUE"",""DIAGRAM""]","[""C167"",""C183"",""C238"",""SYN""]",ACTIVE,LEX-W-EPI-003,L199,"[""LEX-W-COM-001"",""LEX-W-EPI-001"",""LEX-P-EPI-001"",""LEX-P-COM-001"",""LEX-P-PRON-001"",""LEX-P-ID-001""]","[""source"",""content""]"
W-EPI-004,Observation vs inference. What is directly observed is distinct from a conclusion drawn from observations plus prior knowledge.,epistemic/science,"[""W-EPI-001"",""W-EPI-002""]","[""P-EPI-001"",""P-EPI-002"",""P-TNS-003"",""P-ID-001""]","[""COMPARISON"",""DIALOGUE""]","[""C194"",""C195""]",ACTIVE,LEX-W-EPI-004,L224,"[""LEX-W-EPI-001"",""LEX-W-EPI-002"",""LEX-P-EPI-001"",""LEX-P-EPI-002"",""LEX-P-TNS-003"",""LEX-P-ID-001""]","[""observation"",""inference""]"
W-EPI-005,"Books, reports, news, and references are information sources with provenance.",epistemic/media,"[""W-EPI-003""]","[""P-COM-001"",""P-REP-001"",""P-TNS-002"",""P-ID-001""]","[""SYMBOLIC""]","[""C167""]",ACTIVE,LEX-W-EPI-005,L200,"[""LEX-W-EPI-003"",""LEX-P-COM-001"",""LEX-P-REP-001"",""LEX-P-TNS-002"",""LEX-P-ID-001""]","[""books"",""reports"",""news"",""references"",""information"",""sources"",""provenance""]"
W-EPI-006,"Fact, opinion, knowledge, belief, and preference are overlapping but nonidentical epistemic categories.",epistemic,"[""W-EPI-001"",""W-EPI-002"",""W-EPI-003"",""W-EPI-004""]","[""P-EPI-001"",""P-DISC-001"",""P-ID-001"",""P-DET-002""]","[""COMPARISON"",""ABSTRACT""]","[""C193""]",ACTIVE,LEX-W-EPI-006,L272,"[""LEX-W-EPI-001"",""LEX-W-EPI-002"",""LEX-W-EPI-003"",""LEX-W-EPI-004"",""LEX-P-EPI-001"",""LEX-P-DISC-001"",""LEX-P-ID-001"",""LEX-P-DET-002""]","[""fact"",""opinion"",""knowledge"",""belief"",""preference"",""overlapping"",""but"",""nonidentical""]"
W-EPI-007,Claims may be supported by evidence; evidence has sources and may support claims to differing degrees.,epistemic,"[""W-EPI-003"",""W-EPI-004"",""W-EPI-005""]","[""P-EPI-003"",""P-SRC-001"",""P-CAU-001"",""P-ID-001""]","[""DIAGRAM"",""DIALOGUE""]","[""C195"",""C238""]",ACTIVE,LEX-W-EPI-007,L276,"[""LEX-W-EPI-003"",""LEX-W-EPI-004"",""LEX-W-EPI-005"",""LEX-P-EPI-003"",""LEX-P-SRC-001"",""LEX-P-CAU-001"",""LEX-P-ID-001""]","[""claims"",""supported"",""evidence"",""has"",""sources"",""support""]"
W-EPI-008,Uncertainty admits degrees; prediction is not certainty.,epistemic,"[""W-EPI-001"",""W-DATA-002""]","[""P-MOD-004"",""P-GEN-001"",""P-ID-001"",""P-DET-002""]","[""COMPARISON"",""ABSTRACT""]","[""C196""]",ACTIVE,LEX-W-EPI-008,L278,"[""LEX-W-EPI-001"",""LEX-W-DATA-002"",""LEX-P-MOD-004"",""LEX-P-GEN-001"",""LEX-P-ID-001"",""LEX-P-DET-002""]","[""uncertainty"",""admits"",""degrees"",""prediction"",""certainty""]"
W-EPI-009,Definitions specify intended meanings; definitions and examples perform different functions.,epistemic/language,"[""W-REP-003""]","[""P-DEF-001"",""P-ID-001"",""P-DET-002"",""P-PRON-001""]","[""COMPARISON""]","[""C197""]",ACTIVE,LEX-W-EPI-009,L279,"[""LEX-W-REP-003"",""LEX-P-DEF-001"",""LEX-P-ID-001"",""LEX-P-DET-002"",""LEX-P-PRON-001""]","[""definitions"",""specify"",""intended"",""meanings"",""examples"",""perform"",""functions""]"
W-EPI-010,Classification organizes entities by shared criteria; category membership may be nested.,epistemic,"[""W-EPI-009"",""W-BIO-004""]","[""P-DEF-001"",""P-CLASS-001"",""P-ID-001"",""P-DET-002""]","[""DIAGRAM""]","[""C198""]",ACTIVE,LEX-W-EPI-010,L280,"[""LEX-W-EPI-009"",""LEX-W-BIO-004"",""LEX-P-DEF-001"",""LEX-P-CLASS-001"",""LEX-P-ID-001"",""LEX-P-DET-002""]","[""classification"",""organizes"",""entities"",""shared"",""criteria"",""category"",""membership"",""nested""]"
W-EPI-011,Similarity and difference depend on the property or criterion being compared.,epistemic,"[""W-OBJ-003"",""W-EPI-010""]","[""P-SIM-001"",""P-CMP-002"",""P-ID-001"",""P-DET-002""]","[""COMPARISON""]","[""C200""]",ACTIVE,LEX-W-EPI-011,L281,"[""LEX-W-OBJ-003"",""LEX-W-EPI-010"",""LEX-P-SIM-001"",""LEX-P-CMP-002"",""LEX-P-ID-001"",""LEX-P-DET-002""]","[""similarity"",""difference"",""depend"",""property"",""criterion"",""being"",""compared""]"
W-EPI-012,Memory is stored/retrieved information about prior experience and can differ from current observation.,epistemic,"[""W-EPI-001"",""W-EPI-002"",""W-EPI-003"",""W-EPI-004"",""W-TIME-003""]","[""P-TNS-003"",""P-EPI-001"",""P-ID-001"",""P-DET-002""]","[""SEQUENCE"",""ABSTRACT""]","[""SYN""]",ACTIVE,LEX-W-EPI-012,L286,"[""LEX-W-EPI-001"",""LEX-W-EPI-002"",""LEX-W-EPI-003"",""LEX-W-EPI-004"",""LEX-W-TIME-003"",""LEX-P-TNS-003"",""LEX-P-EPI-001"",""LEX-P-ID-001"",""LEX-P-DET-002""]","[""memory"",""stored"",""retrieved"",""information"",""about"",""prior"",""experience"",""differ""]"
W-EVT-001,"Action, state, and routine. Something happening now differs from a recurring routine or relatively stable state.",events/time,"[""W-CHR-001"",""W-OBJ-001""]","[""P-DET-002"",""P-PRON-001"",""P-SPAT-001"",""P-ID-001""]","[""SEQUENCE"",""COMPARISON""]","[""C027"",""C028"",""C029"",""C030""]",ACTIVE,LEX-W-EVT-001,L014,"[""LEX-W-CHR-001"",""LEX-W-OBJ-001"",""LEX-P-DET-002"",""LEX-P-PRON-001"",""LEX-P-SPAT-001"",""LEX-P-ID-001""]","[""action"",""state"",""routine""]"
W-EVT-002,Procedure. A task can consist of ordered steps where sequence may affect the result.,events/engineering,"[""W-EVT-001""]","[""P-ASP-001"",""P-TNS-002"",""P-ID-001"",""P-DET-002""]","[""SEQUENCE""]","[""C031"",""C032"",""C172""]",ACTIVE,LEX-W-EVT-002,L020,"[""LEX-W-EVT-001"",""LEX-P-ASP-001"",""LEX-P-TNS-002"",""LEX-P-ID-001"",""LEX-P-DET-002""]","[""procedure""]"
W-GEO-001,"Routes and paths. Travel can have a start, path, intermediate places, and destination. In the canonical world, the Meadow Path connects Gran's garden gate to the Pond and continues to the School; the Pond is a short walk from the Oak.",geography,"[""W-TRN-001""]","[""P-SPAT-001"",""P-REL-001"",""P-ID-001"",""P-DET-002""]","[""DIAGRAM"",""SYMBOLIC""]","[""C013"",""C131"",""V2""]",ACTIVE,LEX-W-GEO-001,L039,"[""LEX-W-TRN-001"",""LEX-P-SPAT-001"",""LEX-P-REL-001"",""LEX-P-ID-001"",""LEX-P-DET-002""]","[""route"",""start"",""path"",""destination"",""Oak"",""Pond"",""Meadow Path"",""School""]"
W-GEO-002,"Landforms such as mountains, valleys, plains, and coasts are distinguishable geographic structures.",geography,"[""W-REP-002""]","[""P-ID-001"",""P-DET-002"",""P-PRON-001"",""P-DESC-001""]","[""DIAGRAM"",""SCENE""]","[""C100""]",ACTIVE,LEX-W-GEO-002,L129,"[""LEX-W-REP-002"",""LEX-P-ID-001"",""LEX-P-DET-002"",""LEX-P-PRON-001"",""LEX-P-DESC-001""]","[""landforms"",""mountains"",""valleys"",""plains"",""coasts"",""distinguishable"",""geographic"",""structures""]"
W-GEO-003,"Rivers, lakes, and oceans differ; flowing water can move from source through a path into a larger body.",geography,"[""W-GEO-001"",""W-GEO-002""]","[""P-ID-001"",""P-DET-002"",""P-PRON-001"",""P-DESC-001""]","[""DIAGRAM""]","[""C101""]",ACTIVE,LEX-W-GEO-003,L130,"[""LEX-W-GEO-001"",""LEX-W-GEO-002"",""LEX-P-ID-001"",""LEX-P-DET-002"",""LEX-P-PRON-001"",""LEX-P-DESC-001""]","[""rivers"",""lakes"",""oceans"",""differ"",""flowing"",""water"",""move"",""source""]"
W-GEO-004,Cardinal directions support relative geographic orientation.,geography,"[""W-REP-002""]","[""P-ID-001"",""P-DET-002"",""P-PRON-001"",""P-DESC-001""]","[""SYMBOLIC""]","[""C129""]",ACTIVE,LEX-W-GEO-004,L133,"[""LEX-W-REP-002"",""LEX-P-ID-001"",""LEX-P-DET-002"",""LEX-P-PRON-001"",""LEX-P-DESC-001""]","[""cardinal"",""directions"",""support"",""relative"",""geographic"",""orientation""]"
W-GEO-005,Addresses and geographic hierarchies locate entities at multiple scales.,geography,"[""W-GEO-004""]","[""P-ID-001"",""P-DET-002"",""P-PRON-001"",""P-DESC-001""]","[""SYMBOLIC"",""DIAGRAM""]","[""C130"",""C132"",""C133"",""C134""]",ACTIVE,LEX-W-GEO-005,L136,"[""LEX-W-GEO-004"",""LEX-P-ID-001"",""LEX-P-DET-002"",""LEX-P-PRON-001"",""LEX-P-DESC-001""]","[""addresses"",""geographic"",""hierarchies"",""locate"",""entities"",""multiple"",""scales""]"
W-HAZ-001,"A hazard is a condition/event with potential for harm; hazard, damage, and response are distinct.",safety,"[""W-EPI-004""]","[""P-ID-001"",""P-DET-002"",""P-PRON-001""]","[""COMPARISON""]","[""C142""]",ACTIVE,LEX-W-HAZ-001,L260,"[""LEX-W-EPI-004"",""LEX-P-ID-001"",""LEX-P-DET-002"",""LEX-P-PRON-001""]","[""hazard"",""condition"",""event"",""potential"",""harm"",""damage"",""response""]"
W-HAZ-002,"Fire/heat and dangerous-material hazards have warning, avoidance, and response concepts.",safety,"[""W-HAZ-001"",""W-PHY-005""]","[""P-ID-001"",""P-DET-002"",""P-PRON-001""]","[""SCENE"",""SYMBOLIC""]","[""C047"",""C048"",""C049"",""C142""]",ACTIVE,LEX-W-HAZ-002,L261,"[""LEX-W-HAZ-001"",""LEX-W-PHY-005"",""LEX-P-ID-001"",""LEX-P-DET-002"",""LEX-P-PRON-001""]","[""fire"",""heat"",""dangerous-material"",""hazards"",""have"",""warning"",""avoidance"",""response""]"
W-HAZ-003,"Severe weather, flooding, and geologic hazards require condition-specific responses rather than one generic script.",safety/Earth,"[""W-HAZ-001"",""W-EAR-001""]","[""P-ID-001"",""P-DET-002"",""P-PRON-001"",""P-TNS-002""]","[""SEQUENCE"",""DIAGRAM""]","[""C142""]",ACTIVE,LEX-W-HAZ-003,L263,"[""LEX-W-HAZ-001"",""LEX-W-EAR-001"",""LEX-P-ID-001"",""LEX-P-DET-002"",""LEX-P-PRON-001"",""LEX-P-TNS-002""]","[""severe"",""weather"",""flooding"",""geologic"",""hazards"",""require"",""condition-specific"",""responses""]"
W-HIS-001,Everyday practices and technologies can differ between past and present.,history,"[""W-TIME-003""]","[""P-ID-001"",""P-DET-002"",""P-PRON-001"",""P-TNS-002""]","[""COMPARISON""]","[""C161"",""C162""]",ACTIVE,LEX-W-HIS-001,L152,"[""LEX-W-TIME-003"",""LEX-P-ID-001"",""LEX-P-DET-002"",""LEX-P-PRON-001"",""LEX-P-TNS-002""]","[""everyday"",""practices"",""technologies"",""differ"",""between"",""past"",""present""]"
W-HIS-002,Change can accumulate across generations while some continuities remain.,history,"[""W-HIS-001"",""W-TIME-004""]","[""P-ID-001"",""P-DET-002"",""P-PRON-001"",""P-TNS-002""]","[""SEQUENCE""]","[""C163""]",ACTIVE,LEX-W-HIS-002,L154,"[""LEX-W-HIS-001"",""LEX-W-TIME-004"",""LEX-P-ID-001"",""LEX-P-DET-002"",""LEX-P-PRON-001"",""LEX-P-TNS-002""]","[""change"",""accumulate"",""across"",""generations"",""some"",""continuities"",""remain""]"
W-LIT-001,"Stories have characters, settings, events, and ordered sequences.",literature,"[""W-CHR-001"",""W-EVT-002""]","[""P-ID-001"",""P-DET-002"",""P-PRON-001""]","[""SEQUENCE"",""SYMBOLIC""]","[""C181"",""C182""]",ACTIVE,LEX-W-LIT-001,L172,"[""LEX-W-CHR-001"",""LEX-W-EVT-002"",""LEX-P-ID-001"",""LEX-P-DET-002"",""LEX-P-PRON-001""]","[""stories"",""have"",""characters"",""settings"",""events"",""ordered"",""sequences""]"
W-LIT-002,Narrated dialogue and reported speech represent conversational events.,literature/language,"[""W-COM-001"",""W-LIT-001""]","[""P-ID-001"",""P-DET-002"",""P-PRON-001""]","[""DIALOGUE"",""SYMBOLIC""]","[""C183""]",ACTIVE,LEX-W-LIT-002,L174,"[""LEX-W-COM-001"",""LEX-W-LIT-001"",""LEX-P-ID-001"",""LEX-P-DET-002"",""LEX-P-PRON-001""]","[""narrated"",""dialogue"",""reported"",""speech"",""represent"",""conversational"",""events""]"
W-LIT-003,"Fiction/nonfiction is a relation between text and intended representation/claims, not simply “interesting vs boring.”",literacy,"[""W-REP-001"",""W-EPI-003""]","[""P-ID-001"",""P-DET-002"",""P-PRON-001""]","[""COMPARISON""]","[""C184""]",ACTIVE,LEX-W-LIT-003,L212,"[""LEX-W-REP-001"",""LEX-W-EPI-003"",""LEX-P-ID-001"",""LEX-P-DET-002"",""LEX-P-PRON-001""]","[""interesting vs boring.""]"
W-MAT-001,Objects can be composed of materials; material and finished object are distinct.,materials,"[""W-OBJ-001""]","[""P-ID-001"",""P-DET-002"",""P-PRON-001"",""P-DESC-001""]","[""SCENE"",""COMPARISON""]","[""C078""]",ACTIVE,LEX-W-MAT-001,L091,"[""LEX-W-OBJ-001"",""LEX-P-ID-001"",""LEX-P-DET-002"",""LEX-P-PRON-001"",""LEX-P-DESC-001""]","[""objects"",""composed"",""materials"",""material"",""finished"",""object""]"
W-MAT-002,"Materials differ in observable/measurable properties such as hardness, texture, and flexibility.",materials,"[""W-MAT-001"",""W-OBJ-003""]","[""P-ID-001"",""P-DET-002"",""P-PRON-001"",""P-DESC-001""]","[""COMPARISON""]","[""C079""]",ACTIVE,LEX-W-MAT-002,L094,"[""LEX-W-MAT-001"",""LEX-W-OBJ-003"",""LEX-P-ID-001"",""LEX-P-DET-002"",""LEX-P-PRON-001"",""LEX-P-DESC-001""]","[""materials"",""differ"",""observable"",""measurable"",""properties"",""hardness"",""texture"",""flexibility""]"
W-MAT-003,"Solid, liquid, and gas are distinguishable states of matter at an introductory level.",physical science,"[""W-MAT-001""]","[""P-ID-001"",""P-DET-002"",""P-PRON-001"",""P-DESC-001""]","[""COMPARISON"",""DIAGRAM""]","[""C080""]",ACTIVE,LEX-W-MAT-003,L095,"[""LEX-W-MAT-001"",""LEX-P-ID-001"",""LEX-P-DET-002"",""LEX-P-PRON-001"",""LEX-P-DESC-001""]","[""solid"",""liquid"",""gas"",""distinguishable"",""states"",""matter""]"
W-MAT-004,Heating/cooling can accompany changes of state or form; process and resulting state are distinct.,physical science,"[""W-MAT-003""]","[""P-ID-001"",""P-DET-002"",""P-PRON-001"",""P-DESC-001""]","[""SEQUENCE"",""DIAGRAM""]","[""C081"",""C082""]",ACTIVE,LEX-W-MAT-004,L097,"[""LEX-W-MAT-003"",""LEX-P-ID-001"",""LEX-P-DET-002"",""LEX-P-PRON-001"",""LEX-P-DESC-001""]","[""heating"",""cooling"",""accompany"",""changes"",""state"",""form"",""process"",""resulting""]"
W-MATH-001,"Quantity and zero. Finite collections can have quantities, including no members. Exact initial numerical ceiling is UNSPECIFIED.",mathematics,"[""W-OBJ-001""]","[""P-NUM-001"",""P-EXIST-001"",""P-ID-001"",""P-DET-002""]","[""SYMBOLIC"",""COMPARISON""]","[""C053"",""C054""]",ACTIVE,LEX-W-MATH-001,L043,"[""LEX-W-OBJ-001"",""LEX-P-NUM-001"",""LEX-P-EXIST-001"",""LEX-P-ID-001"",""LEX-P-DET-002""]","[""quantity"",""zero""]"
W-MATH-002,"Compare quantities. Two collections can contain more, fewer, or equal numbers of members.",mathematics,"[""W-MATH-001""]","[""P-QNT-001"",""P-ID-001"",""P-DET-002"",""P-PRON-001""]","[""COMPARISON"",""SYMBOLIC""]","[""C055""]",ACTIVE,LEX-W-MATH-002,L045,"[""LEX-W-MATH-001"",""LEX-P-QNT-001"",""LEX-P-ID-001"",""LEX-P-DET-002"",""LEX-P-PRON-001""]","[""compare"",""quantities""]"
W-MATH-003,Addition: combining collections changes total quantity.,math,"[""W-MATH-001""]","[""P-ID-001"",""P-DET-002"",""P-PRON-001"",""P-DESC-001""]","[""SYMBOLIC"",""SCENE""]","[""C056""]",ACTIVE,LEX-W-MATH-003,L061,"[""LEX-W-MATH-001"",""LEX-P-ID-001"",""LEX-P-DET-002"",""LEX-P-PRON-001"",""LEX-P-DESC-001""]","[""addition"",""combining"",""collections"",""changes"",""total"",""quantity""]"
W-MATH-004,Subtraction: removing members changes the remaining quantity.,math,"[""W-MATH-001""]","[""P-ID-001"",""P-DET-002"",""P-PRON-001"",""P-DESC-001""]","[""SYMBOLIC"",""SEQUENCE""]","[""C057""]",ACTIVE,LEX-W-MATH-004,L062,"[""LEX-W-MATH-001"",""LEX-P-ID-001"",""LEX-P-DET-002"",""LEX-P-PRON-001"",""LEX-P-DESC-001""]","[""subtraction"",""removing"",""members"",""changes"",""remaining"",""quantity""]"
W-MATH-005,Distribution and equal shares: objects can be allocated across recipients.,math/social,"[""W-MATH-001"",""W-MATH-002""]","[""P-ID-001"",""P-DET-002"",""P-PRON-001"",""P-TNS-002""]","[""SCENE"",""SYMBOLIC""]","[""C058""]",ACTIVE,LEX-W-MATH-005,L065,"[""LEX-W-MATH-001"",""LEX-W-MATH-002"",""LEX-P-ID-001"",""LEX-P-DET-002"",""LEX-P-PRON-001"",""LEX-P-TNS-002""]","[""distribution"",""equal"",""shares"",""objects"",""allocated"",""across"",""recipients""]"
W-MATH-006,Ordinal position: quantity and position-in-order are different.,math,"[""W-EVT-002"",""W-MATH-001""]","[""P-ID-001"",""P-DET-002"",""P-PRON-001"",""P-DESC-001""]","[""SEQUENCE"",""SYMBOLIC""]","[""C059""]",ACTIVE,LEX-W-MATH-006,L067,"[""LEX-W-EVT-002"",""LEX-W-MATH-001"",""LEX-P-ID-001"",""LEX-P-DET-002"",""LEX-P-PRON-001"",""LEX-P-DESC-001""]","[""ordinal"",""position"",""quantity"",""position-in-order""]"
W-MATH-007,Two-dimensional shapes and attributes.,geometry,"[""W-OBJ-003""]","[""P-ID-001"",""P-DET-002"",""P-PRON-001"",""P-DESC-001""]","[""COMPARISON"",""SYMBOLIC""]","[""C060""]",ACTIVE,LEX-W-MATH-007,L069,"[""LEX-W-OBJ-003"",""LEX-P-ID-001"",""LEX-P-DET-002"",""LEX-P-PRON-001"",""LEX-P-DESC-001""]","[""two-dimensional"",""shapes"",""attributes""]"
W-MATH-008,"Three-dimensional forms, faces, edges, and other attributes.",geometry,"[""W-MATH-007""]","[""P-ID-001"",""P-DET-002"",""P-PRON-001"",""P-DESC-001""]","[""SCENE"",""DIAGRAM""]","[""C061""]",ACTIVE,LEX-W-MATH-008,L070,"[""LEX-W-MATH-007"",""LEX-P-ID-001"",""LEX-P-DET-002"",""LEX-P-PRON-001"",""LEX-P-DESC-001""]","[""three-dimensional"",""forms"",""faces"",""edges"",""other"",""attributes""]"
W-MATH-009,"Measurement compares a property with a unit; length, height, and width are distinct dimensions.",measurement,"[""W-MATH-001"",""W-MATH-002"",""W-OBJ-003""]","[""P-ID-001"",""P-DET-002"",""P-PRON-001"",""P-DESC-001""]","[""DIAGRAM"",""SYMBOLIC""]","[""C062"",""C063"",""C064"",""C065"",""C066"",""C067""]",ACTIVE,LEX-W-MATH-009,L072,"[""LEX-W-MATH-001"",""LEX-W-MATH-002"",""LEX-W-OBJ-003"",""LEX-P-ID-001"",""LEX-P-DET-002"",""LEX-P-PRON-001"",""LEX-P-DESC-001""]","[""measurement"",""compares"",""property"",""unit"",""length"",""height"",""width"",""dimensions""]"
W-MATH-010,Mass and capacity are distinct measurable properties.,measurement,"[""W-MATH-009""]","[""P-ID-001"",""P-DET-002"",""P-PRON-001"",""P-DESC-001""]","[""COMPARISON""]","[""C066""]",ACTIVE,LEX-W-MATH-010,L074,"[""LEX-W-MATH-009"",""LEX-P-ID-001"",""LEX-P-DET-002"",""LEX-P-PRON-001"",""LEX-P-DESC-001""]","[""mass"",""capacity"",""measurable"",""properties""]"
W-MATH-011,Whole and fractional parts such as half and quarter.,math/part-whole,"[""W-MATH-001"",""W-OBJ-001""]","[""P-ID-001"",""P-DET-002"",""P-PRON-001"",""P-DESC-001""]","[""DIAGRAM"",""SYMBOLIC""]","[""C076""]",ACTIVE,LEX-W-MATH-011,L088,"[""LEX-W-MATH-001"",""LEX-W-OBJ-001"",""LEX-P-ID-001"",""LEX-P-DET-002"",""LEX-P-PRON-001"",""LEX-P-DESC-001""]","[""whole"",""fractional"",""parts"",""half"",""quarter""]"
W-MATH-012,Repeating patterns have identifiable units and continuation rules.,math,"[""W-EVT-002""]","[""P-ID-001"",""P-DET-002"",""P-PRON-001"",""P-DESC-001""]","[""SYMBOLIC"",""COMPARISON""]","[""C077""]",ACTIVE,LEX-W-MATH-012,L089,"[""LEX-W-EVT-002"",""LEX-P-ID-001"",""LEX-P-DET-002"",""LEX-P-PRON-001"",""LEX-P-DESC-001""]","[""repeating"",""patterns"",""have"",""identifiable"",""units"",""continuation"",""rules""]"
W-ML-001,Training examples/data provide observations from which a learning system can derive useful regularities.,machine learning,"[""W-DATA-001"",""W-COMP-001""]","[""P-ID-001"",""P-DET-002"",""P-PRON-001""]","[""DIAGRAM"",""SYMBOLIC""]","[""C179""]",ACTIVE,LEX-W-ML-001,L171,"[""LEX-W-DATA-001"",""LEX-W-COMP-001"",""LEX-P-ID-001"",""LEX-P-DET-002"",""LEX-P-PRON-001""]","[""training"",""examples"",""data"",""provide"",""observations"",""which"",""learning"",""system""]"
W-ML-002,Features/patterns and predictions are distinct: observed inputs support but do not guarantee predictions.,machine learning,"[""W-ML-001"",""W-EPI-004""]","[""P-ID-001"",""P-DET-002"",""P-PRON-001""]","[""DIAGRAM""]","[""C179""]",ACTIVE,LEX-W-ML-002,L266,"[""LEX-W-ML-001"",""LEX-W-EPI-004"",""LEX-P-ID-001"",""LEX-P-DET-002"",""LEX-P-PRON-001""]","[""features"",""patterns"",""predictions"",""observed"",""inputs"",""support"",""but"",""do""]"
W-ML-003,"Training, testing, error, and generalization are different stages/relations; performance on examples does not establish universal correctness.",machine learning,"[""W-ML-001"",""W-ML-002"",""W-COMP-009""]","[""P-ID-001"",""P-DET-002"",""P-PRON-001""]","[""DIAGRAM"",""ABSTRACT""]","[""C179"",""SYN""]",ACTIVE,LEX-W-ML-003,L267,"[""LEX-W-ML-001"",""LEX-W-ML-002"",""LEX-W-COMP-009"",""LEX-P-ID-001"",""LEX-P-DET-002"",""LEX-P-PRON-001""]","[""training"",""testing"",""error"",""generalization"",""stages"",""performance"",""examples"",""does""]"
W-OBJ-001,Ordinary physical objects and persistence. Objects can remain the same object while their location or visible state changes.,everyday ontology,"[""W-CHR-001""]","[""P-ID-001"",""P-DET-001""]","[""SCENE"",""SEQUENCE""]","[""C004"",""C005"",""C006"",""C007"",""C008"",""C009"",""C010"",""C011"",""C012"",""C013""]",ACTIVE,LEX-W-OBJ-001,L003,"[""LEX-W-CHR-001"",""LEX-P-ID-001"",""LEX-P-DET-001""]","[""physical"",""objects"",""persistence""]"
W-OBJ-002,Ownership/belonging. An object can belong to a person or other recognized owner; owner and object are distinct.,everyday/social,"[""W-OBJ-001""]","[""P-DET-002"",""P-PRON-001"",""P-ID-001"",""P-TNS-002""]","[""SCENE""]","[""C007"",""C008"",""C143""]",ACTIVE,LEX-W-OBJ-002,L024,"[""LEX-W-OBJ-001"",""LEX-P-DET-002"",""LEX-P-PRON-001"",""LEX-P-ID-001"",""LEX-P-TNS-002""]","[""ownership"",""belonging""]"
W-OBJ-003,"Properties vs identity. Color, size, and shape are properties of an object; changing a property description does not automatically create a new object.",physical/everyday,"[""W-OBJ-001""]","[""P-DET-002"",""P-Q-007"",""P-ID-001"",""P-PRON-001""]","[""COMPARISON""]","[""C010"",""C060"",""C061"",""C062"",""C063"",""C064"",""C065""]",ACTIVE,LEX-W-OBJ-003,L012,"[""LEX-W-OBJ-001"",""LEX-P-DET-002"",""LEX-P-Q-007"",""LEX-P-ID-001"",""LEX-P-PRON-001""]","[""properties"",""identity""]"
W-ONT-001,"Mind/person/device distinctions. Minds, people, and devices are not interchangeable categories; Ninereeds and Errol are curricular instances of minds.",ontology,"[""W-CHR-001""]","[""P-ID-001""]","[""DIAGRAM"",""DIALOGUE""]","[""V2"",""SYN""]",ACTIVE,LEX-W-ONT-001,L001,"[""LEX-W-CHR-001"",""LEX-P-ID-001""]","[""mind"",""person"",""device"",""Ninereeds is Ninereeds"",""Ninereeds is a mind"",""Errol is a mind""]"
W-ONT-002,Mind transfer vs message transfer. Errol may travel by data transfer; a message may travel without Errol traveling. These are distinct events.,ontology/computing,"[""W-ONT-001"",""W-COM-001""]","[""P-COM-001"",""P-ID-001"",""P-DET-002"",""P-PRON-001""]","[""DIAGRAM"",""COMPARISON""]","[""C164"",""C165"",""C166"",""C167"",""C168"",""C169"",""C170"",""SYN""]",ACTIVE,LEX-W-ONT-002,L031,"[""LEX-W-ONT-001"",""LEX-W-COM-001"",""LEX-P-COM-001"",""LEX-P-ID-001"",""LEX-P-DET-002"",""LEX-P-PRON-001""]","[""data transfer"",""Errol travels"",""message travels"",""different events""]"
W-ONT-003,Copying data and moving data are different operations; sameness of information need not imply sameness of physical instance.,ontology/computing,"[""W-ONT-002"",""W-COMP-002""]","[""P-COMP-001"",""P-DISC-001"",""P-ID-001"",""P-DET-002""]","[""DIAGRAM"",""COMPARISON""]","[""SYN""]",ACTIVE,LEX-W-ONT-003,L201,"[""LEX-W-ONT-002"",""LEX-W-COMP-002"",""LEX-P-COMP-001"",""LEX-P-DISC-001"",""LEX-P-ID-001"",""LEX-P-DET-002""]","[""copying"",""data"",""moving"",""operations"",""sameness"",""information"",""need""]"
W-ONT-004,Interface or device replacement need not by itself define identity or continuity; metaphysical conclusions remain explicitly out of scope.,ontology,"[""W-ONT-001"",""W-ONT-002"",""W-ONT-003"",""W-REP-001""]","[""P-COMP-001"",""P-EPI-001"",""P-DISC-001"",""P-ID-001""]","[""ABSTRACT"",""DIAGRAM""]","[""V2"",""SYN""]",ACTIVE,LEX-W-ONT-004,L208,"[""LEX-W-ONT-001"",""LEX-W-ONT-002"",""LEX-W-ONT-003"",""LEX-W-REP-001"",""LEX-P-COMP-001"",""LEX-P-EPI-001"",""LEX-P-DISC-001"",""LEX-P-ID-001""]","[""interface"",""device"",""replacement"",""need"",""itself"",""define"",""identity"",""continuity""]"
W-PHY-001,"Pushes, pulls, and motion. Interactions such as pushes and pulls can start, stop, or change observable motion.",physical science,"[""W-EVT-001"",""W-OBJ-001""]","[""P-ID-001"",""P-DET-002"",""P-PRON-001"",""P-DESC-001""]","[""SEQUENCE"",""DIAGRAM""]","[""C083"",""C084"",""C085""]",ACTIVE,LEX-W-PHY-001,L099,"[""LEX-W-EVT-001"",""LEX-W-OBJ-001"",""LEX-P-ID-001"",""LEX-P-DET-002"",""LEX-P-PRON-001"",""LEX-P-DESC-001""]","[""pushes"",""pulls"",""motion""]"
W-PHY-002,Speed compares rates of motion.,physics/math,"[""W-PHY-001"",""W-MATH-002""]","[""P-ID-001"",""P-DET-002"",""P-PRON-001"",""P-TNS-002""]","[""SEQUENCE"",""COMPARISON""]","[""C085""]",ACTIVE,LEX-W-PHY-002,L101,"[""LEX-W-PHY-001"",""LEX-W-MATH-002"",""LEX-P-ID-001"",""LEX-P-DET-002"",""LEX-P-PRON-001"",""LEX-P-TNS-002""]","[""speed"",""compares"",""rates"",""motion""]"
W-PHY-003,Simple machines alter how forces are applied; decomposed by lever/pulley/inclined-plane examples rather than one vocabulary dump.,engineering,"[""W-PHY-001"",""W-TEC-002""]","[""P-ID-001"",""P-DET-002"",""P-PRON-001"",""P-TNS-002""]","[""DIAGRAM"",""SCENE""]","[""C086""]",ACTIVE,LEX-W-PHY-003,L102,"[""LEX-W-PHY-001"",""LEX-W-TEC-002"",""LEX-P-ID-001"",""LEX-P-DET-002"",""LEX-P-PRON-001"",""LEX-P-TNS-002""]","[""machines"",""alter"",""forces"",""applied"",""decomposed"",""lever"",""pulley"",""inclined-plane""]"
W-PHY-004,Magnets interact with some materials and not others.,physics,"[""W-MAT-001""]","[""P-ID-001"",""P-DET-002"",""P-PRON-001"",""P-TNS-002""]","[""SCENE"",""COMPARISON""]","[""C087""]",ACTIVE,LEX-W-PHY-004,L104,"[""LEX-W-MAT-001"",""LEX-P-ID-001"",""LEX-P-DET-002"",""LEX-P-PRON-001"",""LEX-P-TNS-002""]","[""magnets"",""interact"",""some"",""materials"",""others""]"
W-PHY-005,"Light enables ordinary visual perception of objects; sources, paths, and objects are distinct.",physics,"[""W-EPI-004"",""W-OBJ-001""]","[""P-ID-001"",""P-DET-002"",""P-PRON-001"",""P-TNS-002""]","[""DIAGRAM""]","[""C088""]",ACTIVE,LEX-W-PHY-005,L231,"[""LEX-W-EPI-004"",""LEX-W-OBJ-001"",""LEX-P-ID-001"",""LEX-P-DET-002"",""LEX-P-PRON-001"",""LEX-P-TNS-002""]","[""light"",""enables"",""visual"",""perception"",""objects"",""sources"",""paths""]"
W-PHY-006,Shadows arise when light paths are blocked; shadow and object are not identical.,physics,"[""W-PHY-005""]","[""P-ID-001"",""P-DET-002"",""P-PRON-001"",""P-TNS-002""]","[""DIAGRAM"",""SEQUENCE""]","[""C089""]",ACTIVE,LEX-W-PHY-006,L233,"[""LEX-W-PHY-005"",""LEX-P-ID-001"",""LEX-P-DET-002"",""LEX-P-PRON-001"",""LEX-P-TNS-002""]","[""shadows"",""arise"",""light"",""paths"",""blocked"",""shadow"",""object"",""identical""]"
W-PHY-007,Sound and vibration are causally related in simple observable systems.,physics,"[""W-PHY-001""]","[""P-ID-001"",""P-DET-002"",""P-PRON-001"",""P-TNS-002""]","[""DIAGRAM"",""SEQUENCE""]","[""C090""]",ACTIVE,LEX-W-PHY-007,L106,"[""LEX-W-PHY-001"",""LEX-P-ID-001"",""LEX-P-DET-002"",""LEX-P-PRON-001"",""LEX-P-TNS-002""]","[""sound"",""vibration"",""causally"",""related"",""observable"",""systems""]"
W-PHY-008,A simple circuit contains connected components whose arrangement affects operation.,electricity,"[""W-TEC-002"",""W-EVT-002""]","[""P-ID-001"",""P-DET-002"",""P-PRON-001""]","[""DIAGRAM""]","[""C091""]",ACTIVE,LEX-W-PHY-008,L107,"[""LEX-W-TEC-002"",""LEX-W-EVT-002"",""LEX-P-ID-001"",""LEX-P-DET-002"",""LEX-P-PRON-001""]","[""circuit"",""contains"",""connected"",""components"",""whose"",""arrangement"",""affects"",""operation""]"
W-PHY-009,Energy sources supply energy to processes/systems at an introductory descriptive level.,energy,"[""W-PHY-008""]","[""P-ID-001"",""P-DET-002"",""P-PRON-001""]","[""DIAGRAM""]","[""C092""]",ACTIVE,LEX-W-PHY-009,L108,"[""LEX-W-PHY-008"",""LEX-P-ID-001"",""LEX-P-DET-002"",""LEX-P-PRON-001""]","[""energy"",""sources"",""supply"",""processes"",""systems"",""descriptive""]"
W-PSY-001,Need vs want. Needing something and preferring/wanting it are different relations.,everyday/psychology,"[""W-OBJ-001"",""W-EVT-001""]","[""P-TNS-002"",""P-NEG-001"",""P-ID-001"",""P-DET-002""]","[""COMPARISON"",""DIALOGUE""]","[""C034""]",ACTIVE,LEX-W-PSY-001,L056,"[""LEX-W-OBJ-001"",""LEX-W-EVT-001"",""LEX-P-TNS-002"",""LEX-P-NEG-001"",""LEX-P-ID-001"",""LEX-P-DET-002""]","[""need"",""want""]"
W-PSY-002,Agents can act toward goals for reasons/motives.,psychology/social,"[""W-PSY-001"",""W-EPI-001""]","[""P-ID-001"",""P-DET-002"",""P-PRON-001"",""P-TNS-002""]","[""SEQUENCE"",""DIALOGUE""]","[""C185""]",ACTIVE,LEX-W-PSY-002,L183,"[""LEX-W-PSY-001"",""LEX-W-EPI-001"",""LEX-P-ID-001"",""LEX-P-DET-002"",""LEX-P-PRON-001"",""LEX-P-TNS-002""]","[""agents"",""act"",""toward"",""goals"",""reasons"",""motives""]"
W-REG-001,"Appropriate expression can vary by partner, setting, purpose, and degree of formality.",pragmatics,"[""W-SOC-001"",""W-SOC-002"",""W-SOC-003"",""W-SOC-004""]","[""P-ID-001"",""P-DET-002"",""P-PRON-001""]","[""DIALOGUE""]","[""C192""]",ACTIVE,LEX-W-REG-001,L216,"[""LEX-W-SOC-001"",""LEX-W-SOC-002"",""LEX-W-SOC-003"",""LEX-W-SOC-004"",""LEX-P-ID-001"",""LEX-P-DET-002"",""LEX-P-PRON-001""]","[""appropriate"",""expression"",""vary"",""partner"",""setting"",""purpose"",""degree"",""formality""]"
W-REP-001,Representation vs referent. An icon or picture may represent Errol without being Errol.,representation,"[""W-ONT-001""]","[""P-ID-001"",""P-DET-003"",""P-DET-002"",""P-PRON-001""]","[""COMPARISON"",""SYMBOLIC""]","[""C128"",""C166"",""C180"",""C186"",""SYN""]",ACTIVE,LEX-W-REP-001,L027,"[""LEX-W-ONT-001"",""LEX-P-ID-001"",""LEX-P-DET-003"",""LEX-P-DET-002"",""LEX-P-PRON-001""]","[""symbol"",""icon"",""picture"",""represents"",""is not""]"
W-REP-002,"Maps as representations of places. A map is not the place itself; marks and symbols can represent locations and routes. The School is at the far end of the Meadow Path, and the supplied world-bible topology is authoritative.",representation/geography,"[""W-REP-001"",""W-GEO-001""]","[""P-ID-001"",""P-DET-002"",""P-PRON-001"",""P-DESC-001""]","[""SYMBOLIC"",""DIAGRAM""]","[""C128"",""C129"",""C130"",""C131"",""V2""]",ACTIVE,LEX-W-REP-002,L128,"[""LEX-W-REP-001"",""LEX-W-GEO-001"",""LEX-P-ID-001"",""LEX-P-DET-002"",""LEX-P-PRON-001"",""LEX-P-DESC-001""]","[""map"",""place"",""symbol"",""route"",""School"",""Meadow Path""]"
W-REP-003,"Signs, icons, labels, and symbols use representational conventions.",representation,"[""W-REP-001"",""W-REP-002""]","[""P-ID-001"",""P-DET-002"",""P-PRON-001"",""P-REP-001""]","[""SYMBOLIC""]","[""C166""]",ACTIVE,LEX-W-REP-003,L157,"[""LEX-W-REP-001"",""LEX-W-REP-002"",""LEX-P-ID-001"",""LEX-P-DET-002"",""LEX-P-PRON-001"",""LEX-P-REP-001""]","[""signs"",""icons"",""labels"",""symbols"",""use"",""representational"",""conventions""]"
W-REP-004,Scientific/computational models are simplified representations whose omissions and purposes matter.,representation/science,"[""W-REP-001"",""W-REP-002"",""W-REP-003"",""W-EPI-004""]","[""P-ID-001"",""P-DET-002"",""P-PRON-001"",""P-REP-001""]","[""DIAGRAM"",""ABSTRACT""]","[""C180""]",ACTIVE,LEX-W-REP-004,L268,"[""LEX-W-REP-001"",""LEX-W-REP-002"",""LEX-W-REP-003"",""LEX-W-EPI-004"",""LEX-P-ID-001"",""LEX-P-DET-002"",""LEX-P-PRON-001"",""LEX-P-REP-001""]","[""scientific"",""computational"",""models"",""simplified"",""representations"",""whose"",""omissions"",""purposes""]"
W-SEC-001,Authentication/access/privacy concern who is allowed to access information or systems.,computing/security,"[""W-COMP-002"",""W-COMP-003"",""W-CIV-001""]","[""P-ID-001"",""P-DET-002"",""P-PRON-001"",""P-TNS-002""]","[""SYMBOLIC"",""ABSTRACT""]","[""C176""]",ACTIVE,LEX-W-SEC-001,L205,"[""LEX-W-COMP-002"",""LEX-W-COMP-003"",""LEX-W-CIV-001"",""LEX-P-ID-001"",""LEX-P-DET-002"",""LEX-P-PRON-001"",""LEX-P-TNS-002""]","[""authentication"",""access"",""privacy"",""concern"",""allowed"",""information"",""systems""]"
W-SOC-001,Known vs unknown person. A person may be known to one participant and unknown to another; introducing someone changes that relation.,social,"[""W-CHR-001""]","[""P-PRON-001"",""P-Q-001"",""P-NEG-001"",""P-ID-001""]","[""DIALOGUE"",""COMPARISON""]","[""C001"",""C002"",""SYN""]",ACTIVE,LEX-W-SOC-001,L047,"[""LEX-W-CHR-001"",""LEX-P-PRON-001"",""LEX-P-Q-001"",""LEX-P-NEG-001"",""LEX-P-ID-001""]","[""known"",""unknown"",""person""]"
W-SOC-002,Communication breakdown. A hearer/reader may fail to understand even when a message was produced; participants can notice the failure.,social/pragmatic,"[""W-COM-001""]","[""P-COM-001"",""P-NEG-001"",""P-ID-001"",""P-DET-002""]","[""DIALOGUE""]","[""V2"",""SYN""]",ACTIVE,LEX-W-SOC-002,L033,"[""LEX-W-COM-001"",""LEX-P-COM-001"",""LEX-P-NEG-001"",""LEX-P-ID-001"",""LEX-P-DET-002""]","[""understand"",""does not understand"",""communication breakdown""]"
W-SOC-003,Cooperation. Multiple agents can share a goal and perform complementary actions or help one another.,social,"[""W-CHR-001""]","[""P-TNS-002"",""P-PRON-001"",""P-ID-001"",""P-DET-002""]","[""SCENE"",""SEQUENCE""]","[""C020"",""SYN""]",ACTIVE,LEX-W-SOC-003,L049,"[""LEX-W-CHR-001"",""LEX-P-TNS-002"",""LEX-P-PRON-001"",""LEX-P-ID-001"",""LEX-P-DET-002""]","[""cooperation""]"
W-SOC-004,"Disagreement and conflict. Agents can disagree about facts, preferences, or plans without being different identities or necessarily being enemies.",social,"[""W-EPI-001""]","[""P-EPI-001"",""P-ID-001"",""P-DET-002"",""P-PRON-001""]","[""DIALOGUE"",""COMPARISON""]","[""V2"",""SYN""]",ACTIVE,LEX-W-SOC-004,L185,"[""LEX-W-EPI-001"",""LEX-P-EPI-001"",""LEX-P-ID-001"",""LEX-P-DET-002"",""LEX-P-PRON-001""]","[""disagreement"",""conflict""]"
W-SOC-005,Promise/commitment. A promise connects a speaker now with an intended later action.,social/time,"[""W-SOC-003""]","[""P-TNS-002"",""P-TIME-001"",""P-ID-001"",""P-DET-002""]","[""DIALOGUE"",""SEQUENCE""]","[""SYN""]",ACTIVE,LEX-W-SOC-005,L079,"[""LEX-W-SOC-003"",""LEX-P-TNS-002"",""LEX-P-TIME-001"",""LEX-P-ID-001"",""LEX-P-DET-002""]","[""promise"",""commitment""]"
W-SOC-006,Trust and reliability. Expectations about another agent may be influenced by whether prior commitments or claims proved reliable; trust is not certainty.,social/epistemic,"[""W-SOC-005"",""W-EPI-002""]","[""P-EPI-002"",""P-TNS-003"",""P-CERTAINTY-001"",""P-ID-001""]","[""SEQUENCE"",""ABSTRACT""]","[""V2"",""SYN""]",ACTIVE,LEX-W-SOC-006,L292,"[""LEX-W-SOC-005"",""LEX-W-EPI-002"",""LEX-P-EPI-002"",""LEX-P-TNS-003"",""LEX-P-CERTAINTY-001"",""LEX-P-ID-001""]","[""trust"",""reliability""]"
W-SOC-007,"Fairness. Fairness concerns how rules, turns, resources, or reasons apply to participants; it is not reducible in every case to identical outcomes.",social,"[""W-SOC-003"",""W-SOC-004""]","[""P-CMP-001"",""P-QNT-003"",""P-ID-001"",""P-DET-002""]","[""COMPARISON"",""DIALOGUE""]","[""V2"",""SYN""]",ACTIVE,LEX-W-SOC-007,L188,"[""LEX-W-SOC-003"",""LEX-W-SOC-004"",""LEX-P-CMP-001"",""LEX-P-QNT-003"",""LEX-P-ID-001"",""LEX-P-DET-002""]","[""fairness""]"
W-SOC-008,"Households and family relationships are social relations, not assumptions about universal household structure.",society,"[""W-CHR-001""]","[""P-ID-001"",""P-DET-002"",""P-PRON-001""]","[""DIAGRAM"",""DIALOGUE""]","[""C143""]",ACTIVE,LEX-W-SOC-008,L141,"[""LEX-W-CHR-001"",""LEX-P-ID-001"",""LEX-P-DET-002"",""LEX-P-PRON-001""]","[""households"",""relationships"",""social"",""assumptions"",""about"",""universal"",""household"",""structure""]"
W-SOC-009,"Clubs, teams, organizations, and other groups have membership relations.",society,"[""W-SOC-003""]","[""P-ID-001"",""P-DET-002"",""P-PRON-001""]","[""DIAGRAM""]","[""C144""]",ACTIVE,LEX-W-SOC-009,L142,"[""LEX-W-SOC-003"",""LEX-P-ID-001"",""LEX-P-DET-002"",""LEX-P-PRON-001""]","[""clubs"",""teams"",""organizations"",""other"",""groups"",""have"",""membership""]"
W-SOC-010,Occupations describe roles/work people perform; person and occupation are distinct.,society,"[""W-CHR-001"",""W-TEC-002""]","[""P-ID-001"",""P-DET-002"",""P-PRON-001""]","[""SCENE""]","[""C003"",""C145""]",ACTIVE,LEX-W-SOC-010,L053,"[""LEX-W-CHR-001"",""LEX-W-TEC-002"",""LEX-P-ID-001"",""LEX-P-DET-002"",""LEX-P-PRON-001""]","[""occupations"",""describe"",""roles"",""work"",""people"",""perform"",""person"",""occupation""]"
W-SOC-011,Public services perform functions for communities.,society,"[""W-SOC-010""]","[""P-ID-001"",""P-DET-002"",""P-PRON-001""]","[""SCENE"",""DIAGRAM""]","[""C146""]",ACTIVE,LEX-W-SOC-011,L143,"[""LEX-W-SOC-010"",""LEX-P-ID-001"",""LEX-P-DET-002"",""LEX-P-PRON-001""]","[""public"",""services"",""perform"",""functions"",""communities""]"
W-SOC-012,"Institutions such as schools, libraries, clinics, and banks are organized social places/functions.",society,"[""W-SOC-011"",""W-GEO-005""]","[""P-ID-001"",""P-DET-002"",""P-PRON-001""]","[""SCENE""]","[""C147""]",ACTIVE,LEX-W-SOC-012,L144,"[""LEX-W-SOC-011"",""LEX-W-GEO-005"",""LEX-P-ID-001"",""LEX-P-DET-002"",""LEX-P-PRON-001""]","[""institutions"",""schools"",""libraries"",""clinics"",""banks"",""organized"",""social"",""places""]"
W-SYS-001,"Objects/systems can contain parts; part, whole, member, material, and component relations must not be conflated.",systems,"[""W-OBJ-001"",""W-ENG-001""]","[""P-ID-001"",""P-DET-002"",""P-PRON-001"",""P-CLASS-001""]","[""DIAGRAM""]","[""C042"",""C105"",""C133"",""C199""]",ACTIVE,LEX-W-SYS-001,L112,"[""LEX-W-OBJ-001"",""LEX-W-ENG-001"",""LEX-P-ID-001"",""LEX-P-DET-002"",""LEX-P-PRON-001"",""LEX-P-CLASS-001""]","[""objects"",""systems"",""contain"",""parts"",""part"",""whole"",""member"",""material""]"
W-TEC-001,Communication device. Errol communicates through Gran's phone; the phone is an ordinary device and is not Errol.,technology,"[""W-ONT-001""]","[""P-ID-001"",""P-DET-001"",""P-DET-002"",""P-PRON-001""]","[""SCENE"",""DIAGRAM""]","[""C164"",""C165"",""V2"",""SYN""]",ACTIVE,LEX-W-TEC-001,L026,"[""LEX-W-ONT-001"",""LEX-P-ID-001"",""LEX-P-DET-001"",""LEX-P-DET-002"",""LEX-P-PRON-001""]","[""Gran"",""Gran's phone"",""phone"",""device"",""communicates through""]"
W-TEC-002,Tools and designed functions. A tool is an object used to perform an action or purpose; the tool is distinct from the user and result.,technology,"[""W-OBJ-001"",""W-TEC-001""]","[""P-DET-002"",""P-TNS-002"",""P-ID-001"",""P-PRON-001""]","[""SCENE"",""COMPARISON""]","[""C018"",""C019""]",ACTIVE,LEX-W-TEC-002,L035,"[""LEX-W-OBJ-001"",""LEX-W-TEC-001"",""LEX-P-DET-002"",""LEX-P-TNS-002"",""LEX-P-ID-001"",""LEX-P-PRON-001""]","[""tools"",""designed"",""functions""]"
W-TIME-001,"Clocks, dates, calendars, and conventional temporal coordinates.",time,"[""W-EVT-001""]","[""P-TNS-002"",""P-ID-001"",""P-DET-002"",""P-PRON-001""]","[""SYMBOLIC""]","[""C016"",""C069""]",ACTIVE,LEX-W-TIME-001,L054,"[""LEX-W-EVT-001"",""LEX-P-TNS-002"",""LEX-P-ID-001"",""LEX-P-DET-002"",""LEX-P-PRON-001""]","[""clocks"",""dates"",""calendars"",""conventional"",""temporal"",""coordinates""]"
W-TIME-002,Before/after and duration order events without collapsing them into one tense.,time,"[""W-EVT-001"",""W-EVT-002""]","[""P-ID-001"",""P-DET-002"",""P-PRON-001"",""P-TNS-002""]","[""SEQUENCE""]","[""C070"",""C072""]",ACTIVE,LEX-W-TIME-002,L077,"[""LEX-W-EVT-001"",""LEX-W-EVT-002"",""LEX-P-ID-001"",""LEX-P-DET-002"",""LEX-P-PRON-001"",""LEX-P-TNS-002""]","[""before"",""after"",""duration"",""order"",""events"",""without"",""collapsing"",""them""]"
W-TIME-003,Yesterday/today/tomorrow are deictic time frames; past and future are taught separately rather than as C071's three-way bundle.,time,"[""W-TIME-001"",""W-TIME-002""]","[""P-ID-001"",""P-DET-002"",""P-PRON-001"",""P-TNS-002""]","[""SEQUENCE"",""SYMBOLIC""]","[""C071""]",ACTIVE,LEX-W-TIME-003,L080,"[""LEX-W-TIME-001"",""LEX-W-TIME-002"",""LEX-P-ID-001"",""LEX-P-DET-002"",""LEX-P-PRON-001"",""LEX-P-TNS-002""]","[""yesterday"",""today"",""tomorrow"",""deictic"",""time"",""past"",""future"",""taught""]"
W-TIME-004,Age and generations relate individuals to elapsed time without defining identity.,time/social,"[""W-TIME-003""]","[""P-ID-001"",""P-DET-002"",""P-PRON-001"",""P-TNS-002""]","[""COMPARISON""]","[""C073""]",ACTIVE,LEX-W-TIME-004,L083,"[""LEX-W-TIME-003"",""LEX-P-ID-001"",""LEX-P-DET-002"",""LEX-P-PRON-001"",""LEX-P-TNS-002""]","[""age"",""generations"",""relate"",""individuals"",""elapsed"",""time"",""without"",""defining""]"
W-TRN-001,Physical transportation. People can change physical location using different means; Emma may travel by bus and Taro by bicycle.,transport,"[""W-EVT-001""]","[""P-ASP-001"",""P-REL-001"",""P-ID-001"",""P-DET-002""]","[""SCENE"",""SEQUENCE""]","[""C017"",""SYN""]",ACTIVE,LEX-W-TRN-001,L038,"[""LEX-W-EVT-001"",""LEX-P-ASP-001"",""LEX-P-REL-001"",""LEX-P-ID-001"",""LEX-P-DET-002""]","[""physical"",""transportation""]"
